horizon,fold,test_year,variant,variant_label,include_in_main,n_train,n_test,rmse,mae,r2_oos,r2,n_clipped
5,1,2012,har,HAR,True,948,243,0.007348283585419869,0.005987540350676676,0.6002365665269127,-0.1588791363414257,0
5,1,2012,har_ovx,HAR + OVX,True,948,243,0.006807434054680989,0.00558987440982014,0.6569178399213893,0.005434904558829556,0
5,1,2012,har_gpr,HAR + GPR,True,948,243,0.0073362366015724085,0.005984750956135523,0.6015462590211815,-0.15508245265416365,0
5,1,2012,har_x,HAR + OVX + GPR (HAR-X),True,948,243,0.006767959626208596,0.005604744558732075,0.6608851809498952,0.01693587828407228,0
22,1,2012,har,HAR,True,931,243,0.005783844114254224,0.0047902156257051765,0.7169666524916254,-0.798126866604538,0
22,1,2012,har_ovx,HAR + OVX,True,931,243,0.004779830165634807,0.00396242272261023,0.8067011008478772,-0.22803884033569166,0
22,1,2012,har_gpr,HAR + GPR,True,931,243,0.005787250339861021,0.004764670147483404,0.716633185925512,-0.8002453985617131,0
22,1,2012,har_x,HAR + OVX + GPR (HAR-X),True,931,243,0.004731265537116735,0.00387385287905274,0.8106091054987905,-0.20321106573074021,0
66,1,2012,har,HAR,True,887,243,0.006009529379797838,0.0048307471643812844,0.6896536395486275,-2.5966283944418143,0
66,1,2012,har_ovx,HAR + OVX,True,887,243,0.005474972610501399,0.004763184715034196,0.7424096240592744,-1.9852351382368467,0
66,1,2012,har_gpr,HAR + GPR,True,887,243,0.00604118537237071,0.0048207374631685646,0.6863754468921541,-2.634619627119956,2
66,1,2012,har_x,HAR + OVX + GPR (HAR-X),True,887,243,0.005411280532331294,0.004719485989226854,0.7483680230246413,-1.916182783722093,0
126,1,2012,har,HAR,True,827,243,0.007343716738372133,0.006493271349599934,0.563551520433611,-8.693713885388789,0
126,1,2012,har_ovx,HAR + OVX,True,827,243,0.007051932304655116,0.006557655676895842,0.597544913849849,-7.938705573530653,0
126,1,2012,har_gpr,HAR + GPR,True,827,243,0.007421603754650646,0.006359748070460138,0.5542445336706472,-8.900426180285324,0
126,1,2012,har_x,HAR + OVX + GPR (HAR-X),True,827,243,0.006991907005659862,0.0064001633518813794,0.6043670649589357,-7.787182578193207,0
5,2,2013,har,HAR,True,1191,243,0.004571136531517903,0.0037192471950859302,0.8434823023352935,-0.2867120296082635,0
5,2,2013,har_ovx,HAR + OVX,True,1191,243,0.005001316201823796,0.003865151932822069,0.8126370606311846,-0.5402868275322235,0
5,2,2013,har_gpr,HAR + GPR,True,1191,243,0.004622940525749925,0.0038091990008548853,0.839914617762223,-0.31604150944671394,0
5,2,2013,har_x,HAR + OVX + GPR (HAR-X),True,1191,243,0.005032750910488243,0.003902070075455309,0.8102743991231753,-0.5597099664462681,0
22,2,2013,har,HAR,True,1174,243,0.0036937835186678144,0.0030161866252755645,0.8973499604632729,-2.2194384168243166,0
22,2,2013,har_ovx,HAR + OVX,True,1174,243,0.0027480191176817697,0.002297197786795427,0.943185950921906,-0.7818729836135592,12
22,2,2013,har_gpr,HAR + GPR,True,1174,243,0.003939787741080068,0.0031806790341149947,0.8832217691189584,-2.6625443540398295,1
22,2,2013,har_x,HAR + OVX + GPR (HAR-X),True,1174,243,0.0029589599398144963,0.0024190620968327662,0.9341289761965498,-1.065929107728215,19
66,2,2013,har,HAR,True,1130,243,0.0046297437152822,0.004125580323156922,0.8448662091962459,-21.12884096326313,0
66,2,2013,har_ovx,HAR + OVX,True,1130,243,0.002541656917626057,0.0021947057522702894,0.9532451833511073,-5.669274930557792,25
66,2,2013,har_gpr,HAR + GPR,True,1130,243,0.0047724585334364775,0.0042187003232402815,0.8351546008266617,-22.514139652830277,3
66,2,2013,har_x,HAR + OVX + GPR (HAR-X),True,1130,243,0.0028361458065519836,0.0023603958004985346,0.9417830281783822,-7.304277901859772,40
126,2,2013,har,HAR,True,1070,243,0.007045417557141223,0.006856152226386534,0.6889591302902068,-56.66135874398717,0
126,2,2013,har_ovx,HAR + OVX,True,1070,243,0.005289520396290422,0.005170340941356088,0.8246779358520797,-31.501543755332655,0
126,2,2013,har_gpr,HAR + GPR,True,1070,243,0.00713616921845089,0.006911965452808684,0.6808945198502185,-58.15639184412138,1
126,2,2013,har_x,HAR + OVX + GPR (HAR-X),True,1070,243,0.005441811058999318,0.005252544659218039,0.8144372069714844,-33.39998990594579,7
5,3,2014,har,HAR,True,1434,250,0.006900710318601624,0.004315803176288715,0.6170799709365022,0.185673771853614,0
5,3,2014,har_ovx,HAR + OVX,True,1434,250,0.006635125665862475,0.004049257975093473,0.6459873387222825,0.24714882144087735,0
5,3,2014,har_gpr,HAR + GPR,True,1434,250,0.00694473649854653,0.0042397721700732395,0.6121783641372402,0.1752499061016406,0
5,3,2014,har_x,HAR + OVX + GPR (HAR-X),True,1434,250,0.006816327888618176,0.004198706651878781,0.6263874670965515,0.20546729965636834,0
22,3,2014,har,HAR,True,1417,250,0.004621110541845589,0.0032091919927571943,0.7929077517705558,0.5340091733959289,0
22,3,2014,har_ovx,HAR + OVX,True,1417,250,0.004247452480814319,0.002803258283258908,0.8250442639580812,0.6063214883496257,10
22,3,2014,har_gpr,HAR + GPR,True,1417,250,0.0046702049470608445,0.0031768053112580905,0.788484106052379,0.5240552598987276,5
22,3,2014,har_x,HAR + OVX + GPR (HAR-X),True,1417,250,0.004498254103958355,0.0031069350627871664,0.8037728492967803,0.5584573882405989,40
66,3,2014,har,HAR,True,1373,250,0.006438765320829451,0.005046325814398139,0.6127619194343656,0.4780798972114477,0
66,3,2014,har_ovx,HAR + OVX,True,1373,250,0.006395302882724687,0.004606763695769734,0.6179720822414877,0.4851021629552149,21
66,3,2014,har_gpr,HAR + GPR,True,1373,250,0.0064941313610388145,0.005057968774687333,0.6060736749801476,0.46906547066558324,3
66,3,2014,har_x,HAR + OVX + GPR (HAR-X),True,1373,250,0.006497230578498912,0.004584339264714088,0.6056975955339255,0.46855859018796553,57
126,3,2014,har,HAR,True,1313,250,0.007681317818709739,0.006771715894276415,0.2712868459896761,0.19292402803645436,0
126,3,2014,har_ovx,HAR + OVX,True,1313,250,0.008263940741626936,0.00679793195936753,0.1565496391175515,0.0658484534470728,2
126,3,2014,har_gpr,HAR + GPR,True,1313,250,0.007797633411096959,0.006777272982499773,0.24905043929545312,0.1682964095463092,0
126,3,2014,har_x,HAR + OVX + GPR (HAR-X),True,1313,250,0.008363539957022532,0.006763275916435987,0.13609614504051037,0.04319547467012497,13
5,4,2015,har,HAR,True,1684,252,0.013080710242593142,0.009774474065239765,0.1831544830285754,-0.15575589429969772,0
5,4,2015,har_ovx,HAR + OVX,True,1684,252,0.011658980010178205,0.008426304426442297,0.3510691897792425,0.08182686527303773,0
5,4,2015,har_gpr,HAR + GPR,True,1684,252,0.013020536402998195,0.009703302935244748,0.1906524971406247,-0.14514694337140788,0
5,4,2015,har_x,HAR + OVX + GPR (HAR-X),True,1684,252,0.011663713588475871,0.008436495564332278,0.3505421473844892,0.08108115223228995,0
22,4,2015,har,HAR,True,1667,252,0.010494420361423413,0.007997438438786524,0.18848339607920273,-0.8628489553164504,0
22,4,2015,har_ovx,HAR + OVX,True,1667,252,0.008336455287782938,0.006008691421461957,0.4879134748844317,-0.1755025636373433,0
22,4,2015,har_gpr,HAR + GPR,True,1667,252,0.010332770379140417,0.007844150018823923,0.21329111619474495,-0.8059024488891697,0
22,4,2015,har_x,HAR + OVX + GPR (HAR-X),True,1667,252,0.008300764004686831,0.005948371537525325,0.49228893167918464,-0.1654586346779634,0
66,4,2015,har,HAR,True,1623,252,0.010195909884653414,0.008922259610295883,0.1866024356054503,-2.6128039279548867,0
66,4,2015,har_ovx,HAR + OVX,True,1623,252,0.008695628586171462,0.007448211242944695,0.4083663677739885,-1.6278125285602014,0
66,4,2015,har_gpr,HAR + GPR,True,1623,252,0.009712089101907344,0.00856375428204706,0.2619662759115582,-2.2780662914015504,0
66,4,2015,har_x,HAR + OVX + GPR (HAR-X),True,1623,252,0.008341397338238028,0.007138039837154568,0.45558697247552715,-1.4180764860468358,0
126,4,2015,har,HAR,True,1563,252,0.008173202795655601,0.006908725044108814,0.41465884017005805,-6.90340922441216,0
126,4,2015,har_ovx,HAR + OVX,True,1563,252,0.007937872109724372,0.007052913492409238,0.44788097921081704,-6.454836360980308,0
126,4,2015,har_gpr,HAR + GPR,True,1563,252,0.00793544823094371,0.006694606771196688,0.4482181137062867,-6.4502842944860665,0
126,4,2015,har_x,HAR + OVX + GPR (HAR-X),True,1563,252,0.00787811976108627,0.0069980361157260945,0.4561618484621075,-6.343026184423078,0
5,5,2016,har,HAR,True,1936,250,0.012907492556977316,0.010268590581108222,0.24658622031135646,0.06051626331612914,0
5,5,2016,har_ovx,HAR + OVX,True,1936,250,0.010433262274193417,0.007913745730330615,0.5077451062882072,0.38617333606986104,0
5,5,2016,har_gpr,HAR + GPR,True,1936,250,0.01297476735652867,0.010339244011402616,0.23871205734149292,0.05069742505006736,0
5,5,2016,har_x,HAR + OVX + GPR (HAR-X),True,1936,250,0.01045350747795849,0.007936080100345362,0.5058328626534281,0.3837888272595832,0
22,5,2016,har,HAR,True,1919,250,0.00996326096000556,0.007673676262224854,0.1423377374459467,-0.3170375883212193,0
22,5,2016,har_ovx,HAR + OVX,True,1919,250,0.006883701943035558,0.0051089134427695325,0.5905909813038943,0.3713060604826447,0
22,5,2016,har_gpr,HAR + GPR,True,1919,250,0.010121772541085311,0.0077718736113488425,0.11483050809729345,-0.35927805590908357,0
22,5,2016,har_x,HAR + OVX + GPR (HAR-X),True,1919,250,0.007010620933054854,0.005173397856706982,0.5753547595676738,0.34790911554671833,0
66,5,2016,har,HAR,True,1875,250,0.00700242045021519,0.005238224022857295,-0.19810010731290628,-1.0087184486234424,0
66,5,2016,har_ovx,HAR + OVX,True,1875,250,0.004618059544106448,0.0034497147738583645,0.4789063318207327,0.12634139806550948,0
66,5,2016,har_gpr,HAR + GPR,True,1875,250,0.007171221634585003,0.005298254550642279,-0.2565594180650652,-1.1067305390029687,0
66,5,2016,har_x,HAR + OVX + GPR (HAR-X),True,1875,250,0.004745675821201232,0.0035307561777561908,0.44970840997611783,0.07738855688574842,0
126,5,2016,har,HAR,True,1815,250,0.005676433733422922,0.004177072192200987,-0.5754919230178777,-1.1657034963786566,0
126,5,2016,har_ovx,HAR + OVX,True,1815,250,0.003840284197278904,0.0027798507259700995,0.27890619107518244,0.008769667181746876,0
126,5,2016,har_gpr,HAR + GPR,True,1815,250,0.005833366690088968,0.004351383877439516,-0.6638094676997757,-1.2871066038873167,0
126,5,2016,har_x,HAR + OVX + GPR (HAR-X),True,1815,250,0.003965765897084498,0.002861647863938705,0.23101267037826378,-0.05706574822839183,0
5,6,2017,har,HAR,True,2186,251,0.006456839073245689,0.005436143387865729,0.3697684896636372,-0.19285357975304507,0
5,6,2017,har_ovx,HAR + OVX,True,2186,251,0.005985112850584069,0.004871439366971515,0.4584920019996723,-0.024924560713965427,0
5,6,2017,har_gpr,HAR + GPR,True,2186,251,0.00645141219201089,0.005404969110366926,0.3708274456658257,-0.1908492695316515,0
5,6,2017,har_x,HAR + OVX + GPR (HAR-X),True,2186,251,0.00598149453952589,0.00486733673718447,0.4591465434138514,-0.02368569522375319,0
22,6,2017,har,HAR,True,2169,251,0.0037581290780777997,0.003003934839388424,0.6826432944126517,-0.9178997559800242,0
22,6,2017,har_ovx,HAR + OVX,True,2169,251,0.0023525296972971574,0.0017408227950005354,0.8756417725378752,0.24845887953651058,0
22,6,2017,har_gpr,HAR + GPR,True,2169,251,0.0036726607904050057,0.002919040018758163,0.6969139615924221,-0.8316570246310857,0
22,6,2017,har_x,HAR + OVX + GPR (HAR-X),True,2169,251,0.002370002970843815,0.0017668791458137205,0.8737875854987764,0.23725336597016755,0
66,6,2017,har,HAR,True,2125,251,0.0038545306481908292,0.00345506636242917,0.662727377557099,-3.048259843575946,0
66,6,2017,har_ovx,HAR + OVX,True,2125,251,0.00245983262001222,0.0022012604249045773,0.8626435063379589,-0.6486804458626716,0
66,6,2017,har_gpr,HAR + GPR,True,2125,251,0.0040566565646673524,0.003375224290710711,0.6264277852711801,-3.4839613266221807,0
66,6,2017,har_x,HAR + OVX + GPR (HAR-X),True,2125,251,0.002804424893179155,0.00234568692773975,0.8214640371934707,-1.1429547516451675,0
126,6,2017,har,HAR,True,2065,251,0.004277211896050757,0.003845630270500311,0.5920618887530369,-9.475429978271885,0
126,6,2017,har_ovx,HAR + OVX,True,2065,251,0.0031976961562922923,0.002810248612918556,0.7719935470059613,-4.854970563138265,0
126,6,2017,har_gpr,HAR + GPR,True,2065,251,0.004682061463345164,0.004043770147971112,0.5111822475769379,-11.552335750125746,0
126,6,2017,har_x,HAR + OVX + GPR (HAR-X),True,2065,251,0.003748223964629892,0.0032212115530448416,0.6867263877687123,-7.044543273826276,0
5,7,2018,har,HAR,True,2437,251,0.008737422243648764,0.006050435173708888,0.25660201843009334,0.22647808919083368,0
5,7,2018,har_ovx,HAR + OVX,True,2437,251,0.008393032657751655,0.0059727220231205625,0.31404984940221226,0.2862538177871814,0
5,7,2018,har_gpr,HAR + GPR,True,2437,251,0.008771169490214477,0.006017523221138964,0.2508483571621105,0.22049127839971472,0
5,7,2018,har_x,HAR + OVX + GPR (HAR-X),True,2437,251,0.008372043970697123,0.0059570402194081,0.31747630844375707,0.28981912360026396,0
22,7,2018,har,HAR,True,2420,251,0.005893053787886692,0.004328589949262753,0.3493579355523071,0.3140900158706802,0
22,7,2018,har_ovx,HAR + OVX,True,2420,251,0.0056498667093141065,0.004070767727919333,0.401949674029615,0.36953247874759987,0
22,7,2018,har_gpr,HAR + GPR,True,2420,251,0.006120831645303053,0.0045823745245330925,0.2980887620047531,0.26004180728432436,0
22,7,2018,har_x,HAR + OVX + GPR (HAR-X),True,2420,251,0.005817393951743768,0.0042291467491063234,0.3659576349627671,0.3315894985837219,0
66,7,2018,har,HAR,True,2376,251,0.0061670098037693855,0.004530277582367046,-0.46524291997883216,-0.5593878034238362,0
66,7,2018,har_ovx,HAR + OVX,True,2376,251,0.006120564715986961,0.004374063253015905,-0.4432559032609318,-0.5359880754769746,0
66,7,2018,har_gpr,HAR + GPR,True,2376,251,0.0065329638638702515,0.004875481830594875,-0.6442992769468014,-0.7499489010917846,0
66,7,2018,har_x,HAR + OVX + GPR (HAR-X),True,2376,251,0.006456940347564552,0.0047298178558557915,-0.6062528168481007,-0.7094578773629527,0
126,7,2018,har,HAR,True,2316,251,0.004016499049701412,0.0031936245563764336,-0.6514847231360827,-0.9534585460818958,0
126,7,2018,har_ovx,HAR + OVX,True,2316,251,0.004782381999024513,0.003819284236100214,-1.341357601029947,-1.7694746134135921,0
126,7,2018,har_gpr,HAR + GPR,True,2316,251,0.0041588409727973275,0.0033193320272216866,-0.7706138276245478,-1.094370395879794,0
126,7,2018,har_x,HAR + OVX + GPR (HAR-X),True,2316,251,0.00480096055857292,0.0038887632995322444,-1.359584310652303,-1.7910340751391187,0
5,8,2019,har,HAR,True,2688,252,0.012165497382339702,0.008408342772125904,-0.1705245645449518,-0.19265151671882452,0
5,8,2019,har_ovx,HAR + OVX,True,2688,252,0.011087757507882785,0.007319820019840857,0.02768221098646617,0.009302050614802493,0
5,8,2019,har_gpr,HAR + GPR,True,2688,252,0.012061063155918527,0.008275113079155596,-0.1505141812050932,-0.17226286810495695,0
5,8,2019,har_x,HAR + OVX + GPR (HAR-X),True,2688,252,0.011129797167914889,0.007407125151437606,0.02029507241365336,0.0017752696398961598,0
22,8,2019,har,HAR,True,2671,252,0.00871014087330038,0.006648092128358525,-0.31581600409610466,-0.35499663857694896,0
22,8,2019,har_ovx,HAR + OVX,True,2671,252,0.00788507098038279,0.006238609768178916,-0.07834075771037097,-0.11045016734068658,0
22,8,2019,har_gpr,HAR + GPR,True,2671,252,0.008597302739338114,0.0065331537089717276,-0.28194456671105406,-0.3201166221782725,0
22,8,2019,har_x,HAR + OVX + GPR (HAR-X),True,2671,252,0.00788719204341336,0.006246980621673744,-0.07892097730520664,-0.11104766394978016,0
66,8,2019,har,HAR,True,2627,252,0.012236865199374523,0.008359482547447474,-0.4718360775490902,-0.543864891107501,0
66,8,2019,har_ovx,HAR + OVX,True,2627,252,0.01169233341926227,0.00791451943649417,-0.3437592746472693,-0.40952025695864736,0
66,8,2019,har_gpr,HAR + GPR,True,2627,252,0.01224494696976163,0.008456744714257981,-0.4737808516459938,-0.5459048386907568,0
66,8,2019,har_x,HAR + OVX + GPR (HAR-X),True,2627,252,0.01176713110722089,0.007966069308710117,-0.3610067431694448,-0.4276117832624522,0
126,8,2019,har,HAR,True,2567,252,0.01977537336886664,0.013123377432331364,-0.1170092788000856,-0.7099032857083467,0
126,8,2019,har_ovx,HAR + OVX,True,2567,252,0.01979859198347033,0.013231307701968271,-0.1196338192402655,-0.7139208981018257,0
126,8,2019,har_gpr,HAR + GPR,True,2567,252,0.01999595709438916,0.013377966387929865,-0.14206754299972135,-0.7482621508514657,0
126,8,2019,har_x,HAR + OVX + GPR (HAR-X),True,2567,252,0.019927163657165018,0.013345811699691448,-0.13422279696307693,-0.7362535155803112,0
5,9,2020,har,HAR,True,2940,253,0.0242760185345265,0.014405558397246793,0.4216844874535721,0.29527465678134823,0
5,9,2020,har_ovx,HAR + OVX,True,2940,253,0.027746873808436698,0.016492815597381423,0.2444937889006792,0.07935311716534954,0
5,9,2020,har_gpr,HAR + GPR,True,2940,253,0.02426822118973467,0.01434948050584038,0.42205593232260175,0.29572729311417123,0
5,9,2020,har_x,HAR + OVX + GPR (HAR-X),True,2940,253,0.027814673706533392,0.01654891257589243,0.24079709666379645,0.07484839154604184,0
22,9,2020,har,HAR,True,2923,253,0.022391768129506943,0.014812676540178735,0.47272522880479784,0.273874152528926,0
22,9,2020,har_ovx,HAR + OVX,True,2923,253,0.025192506551289066,0.01567201306243795,0.3325742231399308,0.08086801356338524,0
22,9,2020,har_gpr,HAR + GPR,True,2923,253,0.022490443558934176,0.014981699039833958,0.46806782932663726,0.2674603084995125,0
22,9,2020,har_x,HAR + OVX + GPR (HAR-X),True,2923,253,0.0252027368045092,0.01567945780712848,0.332032052312765,0.08012137391199925,0
66,9,2020,har,HAR,True,2879,253,0.025888821580858725,0.01739950845635228,0.12121583223404064,-0.3217428595232661,0
66,9,2020,har_ovx,HAR + OVX,True,2879,253,0.028975822130696424,0.019606409269322073,-0.10085265249294073,-0.6557468673096349,0
66,9,2020,har_gpr,HAR + GPR,True,2879,253,0.026087753481452883,0.017526880833911924,0.10765864013759407,-0.3421336704936293,0
66,9,2020,har_x,HAR + OVX + GPR (HAR-X),True,2879,253,0.02887878316618605,0.01945470758458695,-0.09349156893253774,-0.6446753664893017,0
126,9,2020,har,HAR,True,2819,253,0.018996340567067338,0.012220510165597458,0.022797619133128166,-0.49038720229049115,0
126,9,2020,har_ovx,HAR + OVX,True,2819,253,0.021952636556403192,0.01457786457787623,-0.30502249293912453,-0.9903643915115243,0
126,9,2020,har_gpr,HAR + GPR,True,2819,253,0.01902241833647336,0.01217151721877361,0.020112812583485407,-0.49448195420734953,0
126,9,2020,har_x,HAR + OVX + GPR (HAR-X),True,2819,253,0.021858321678313496,0.01441297573724067,-0.2938330727671432,-0.9732987672847615,0
5,10,2021,har,HAR,True,3193,252,0.011401264529863672,0.008357592117647951,-0.11563048240171137,-0.15208999309590854,0
5,10,2021,har_ovx,HAR + OVX,True,3193,252,0.010904675551423229,0.008002381961218696,-0.020563012646479528,-0.05391565822280242,0
5,10,2021,har_gpr,HAR + GPR,True,3193,252,0.011370683700710382,0.008228181984603867,-0.10965375054447524,-0.14591793785651097,0
5,10,2021,har_x,HAR + OVX + GPR (HAR-X),True,3193,252,0.010865856253651779,0.007873811911720015,-0.013309789472088385,-0.046425395121602486,0
22,10,2021,har,HAR,True,3176,252,0.009550183142321486,0.007993416006965903,-0.6344290522762819,-0.7446600058283857,0
22,10,2021,har_ovx,HAR + OVX,True,3176,252,0.008457470278789885,0.0072958380432814425,-0.2818099361800086,-0.3682591652492673,0
22,10,2021,har_gpr,HAR + GPR,True,3176,252,0.00948000003210361,0.007912359616037652,-0.6104948888447777,-0.719111648343091,0
22,10,2021,har_x,HAR + OVX + GPR (HAR-X),True,3176,252,0.008429737859752923,0.00726191602570475,-0.2734174954425663,-0.35930071233538374,0
66,10,2021,har,HAR,True,3132,252,0.0057150142761868096,0.004590899742588933,-0.6377467073001879,-0.6409703998405822,0
66,10,2021,har_ovx,HAR + OVX,True,3132,252,0.004814440437624358,0.003693780997780976,-0.16226117896946324,-0.16454893975440799,0
66,10,2021,har_gpr,HAR + GPR,True,3132,252,0.005753002091177896,0.004660073938363629,-0.6595913383545793,-0.6628580292254627,0
66,10,2021,har_x,HAR + OVX + GPR (HAR-X),True,3132,252,0.0047849065304836815,0.003704062986013968,-0.14804526815117613,-0.15030504675459344,0
126,10,2021,har,HAR,True,3072,252,0.006625348469117512,0.005104688217473597,-0.28571122794172354,-0.3547410951793337,0
126,10,2021,har_ovx,HAR + OVX,True,3072,252,0.006089769910863566,0.004654135549521416,-0.08624490798939699,-0.1445654236358831,0
126,10,2021,har_gpr,HAR + GPR,True,3072,252,0.006567744079852319,0.005090036521001684,-0.2634510736089808,-0.331285792616659,0
126,10,2021,har_x,HAR + OVX + GPR (HAR-X),True,3072,252,0.005988768950997496,0.0046383217438990655,-0.05051220351047925,-0.10691422938055628,0
5,11,2022,har,HAR,True,3445,251,0.012042897002901268,0.008353439476531332,0.32992247136252106,0.09356576429184338,0
5,11,2022,har_ovx,HAR + OVX,True,3445,251,0.011138686237976623,0.007715241701797082,0.42676717550781895,0.22457053856448983,0
5,11,2022,har_gpr,HAR + GPR,True,3445,251,0.0127179972795902,0.00871340767088844,0.2526903930743202,-0.010908414983599846,0
5,11,2022,har_x,HAR + OVX + GPR (HAR-X),True,3445,251,0.011276279822102537,0.007686062357631353,0.41251768360173935,0.20529481784097825,0
22,11,2022,har,HAR,True,3428,251,0.010423307425389558,0.006409488638546383,0.23157327739509592,-0.3046351286694968,0
22,11,2022,har_ovx,HAR + OVX,True,3428,251,0.008773290559613437,0.0054303467182544255,0.4556021630544105,0.07572118309050024,0
22,11,2022,har_gpr,HAR + GPR,True,3428,251,0.01112775534517563,0.006612704460653477,0.12419685049409901,-0.48693885966309014,0
22,11,2022,har_x,HAR + OVX + GPR (HAR-X),True,3428,251,0.008965957975670623,0.005464230060234584,0.4314289234595924,0.034679849386962114,0
66,11,2022,har,HAR,True,3384,251,0.008675086075921323,0.005682372259379056,0.06252891759268886,-0.9806240911918607,0
66,11,2022,har_ovx,HAR + OVX,True,3384,251,0.007294720893715338,0.004924049636975979,0.3371310832298934,-0.40046362015324677,0
66,11,2022,har_gpr,HAR + GPR,True,3384,251,0.008643737576066214,0.005755679623873311,0.069292011970844,-0.9663354929537356,0
66,11,2022,har_x,HAR + OVX + GPR (HAR-X),True,3384,251,0.006979902799976221,0.004885127797510772,0.3931113093064498,-0.2821924686710282,0
126,11,2022,har,HAR,True,3324,251,0.0061832503848569765,0.004063421416830645,0.05548611326570818,-0.6553262204978969,0
126,11,2022,har_ovx,HAR + OVX,True,3324,251,0.0054700374393883205,0.003654887457560895,0.26081136869142774,-0.2954794423718745,0
126,11,2022,har_gpr,HAR + GPR,True,3324,251,0.005731661755864315,0.004092166042550095,0.18841168079922344,-0.4223649264362761,0
126,11,2022,har_x,HAR + OVX + GPR (HAR-X),True,3324,251,0.00496006986934843,0.0036404558425686974,0.39221459152761606,-0.06518616317961068,0
5,12,2023,har,HAR,True,3696,250,0.007292433593287715,0.005977263678847807,0.07746830871162569,0.041005038293029705,0
5,12,2023,har_ovx,HAR + OVX,True,3696,250,0.006910112682147802,0.005652425118177699,0.17166390369407425,0.1389237351315119,0
5,12,2023,har_gpr,HAR + GPR,True,3696,250,0.007336854839679387,0.005963124960981986,0.066195029312338,0.029286180016482644,0
5,12,2023,har_x,HAR + OVX + GPR (HAR-X),True,3696,250,0.006907925453299205,0.005633645466743697,0.17218820017230063,0.13946875454472873,0
22,12,2023,har,HAR,True,3679,250,0.005374496377829765,0.004344913122462145,-0.16948110041509268,-0.34633428399949984,0
22,12,2023,har_ovx,HAR + OVX,True,3679,250,0.004599360964429203,0.0038383908984229703,0.14352902722077954,0.014010373067345983,0
22,12,2023,har_gpr,HAR + GPR,True,3679,250,0.005379727459296474,0.0043779913366978765,-0.171758756843702,-0.34895637591352924,0
22,12,2023,har_x,HAR + OVX + GPR (HAR-X),True,3679,250,0.0046007831009604845,0.003822853041272687,0.14299929842786807,0.013400536760572623,0
66,12,2023,har,HAR,True,3635,250,0.004811606576366297,0.003997028487435392,-0.6099241051326323,-1.8752041871877116,0
66,12,2023,har_ovx,HAR + OVX,True,3635,250,0.003916269695358694,0.0032668848385288313,-0.06652334837676022,-0.9047310287547314,0
66,12,2023,har_gpr,HAR + GPR,True,3635,250,0.005020392168297043,0.004196167362993844,-0.7526712804106301,-2.130139978732186,0
66,12,2023,har_x,HAR + OVX + GPR (HAR-X),True,3635,250,0.00422370483635488,0.003541049490140054,-0.2405443792559916,-1.2155195901828915,0
126,12,2023,har,HAR,True,3575,250,0.004477669445650738,0.003659268020876882,-0.19388516734877825,-6.159743055046427,0
126,12,2023,har_ovx,HAR + OVX,True,3575,250,0.004078355315709752,0.003271015397623219,0.009558983655904907,-4.939686145821029,0
126,12,2023,har_gpr,HAR + GPR,True,3575,250,0.004694409514305072,0.003887318037054758,-0.31226166563261626,-6.869648274281657,0
126,12,2023,har_x,HAR + OVX + GPR (HAR-X),True,3575,250,0.004394333485383513,0.0036026788931390057,-0.14985882379776982,-5.8957165673244845,0
5,13,2024,har,HAR,True,3946,252,0.00630805094462816,0.005145888841631807,0.4082717370899094,0.1322210969212847,0
5,13,2024,har_ovx,HAR + OVX,True,3946,252,0.006001314628323454,0.004994799873262008,0.4644195438444616,0.21456274799625508,0
5,13,2024,har_gpr,HAR + GPR,True,3946,252,0.0065082099676156855,0.005381763355728706,0.37012402980156545,0.07627687782509973,0
5,13,2024,har_x,HAR + OVX + GPR (HAR-X),True,3946,252,0.006344289285375756,0.005404981995475728,0.401453515757487,0.12222206696165538,0
22,13,2024,har,HAR,True,3929,252,0.0046582262384406445,0.003857864746759651,0.534176896749873,-0.003516072770774592,0
22,13,2024,har_ovx,HAR + OVX,True,3929,252,0.004556993558482762,0.003973163722454577,0.5542034542585974,0.03962685466681526,0
22,13,2024,har_gpr,HAR + GPR,True,3929,252,0.004759502610890718,0.003975027106342384,0.5137014121477318,-0.04762611744794065,0
22,13,2024,har_x,HAR + OVX + GPR (HAR-X),True,3929,252,0.0048131271949591855,0.0042387074708895075,0.5026815776914098,-0.07136598977079212,0
66,13,2024,har,HAR,True,3885,252,0.005153026064153117,0.004532319781198156,0.3558995908098561,-1.2251034558008311,0
66,13,2024,har_ovx,HAR + OVX,True,3885,252,0.005313071541052165,0.004652088889352274,0.31526863093949753,-1.36546680277295,0
66,13,2024,har_gpr,HAR + GPR,True,3885,252,0.005489606912253251,0.004857718970513802,0.2690100739375231,-1.5252711959651104,0
66,13,2024,har_x,HAR + OVX + GPR (HAR-X),True,3885,252,0.005794955152770043,0.00505551554228436,0.18542879195856066,-1.8140103377481291,0
126,13,2024,har,HAR,True,3825,252,0.004302985011043921,0.003465781290544206,0.32041084709473644,-3.182523739308923,0
126,13,2024,har_ovx,HAR + OVX,True,3825,252,0.004299834288318637,0.00341737033792876,0.3214056974467695,-3.1764009440926513,0
126,13,2024,har_gpr,HAR + GPR,True,3825,252,0.004338374937632949,0.0035114407013986646,0.30918630768051836,-3.251605039918382,0
126,13,2024,har_x,HAR + OVX + GPR (HAR-X),True,3825,252,0.00441717444044624,0.003561271032307943,0.28386339538880623,-3.4074546166159196,0
5,14,2025,har,HAR,True,4198,250,0.00900524562040869,0.0066557249596644885,-0.08108758874887245,-0.28912310200508706,0
5,14,2025,har_ovx,HAR + OVX,True,4198,250,0.008165301593659479,0.0062360960488548455,0.11117918458333231,-0.05985810828023963,0
5,14,2025,har_gpr,HAR + GPR,True,4198,250,0.00912974029749524,0.006806091245650784,-0.11118559732822275,-0.3250129212831814,0
5,14,2025,har_x,HAR + OVX + GPR (HAR-X),True,4198,250,0.008431709789558194,0.006498409551155209,0.05223414966673112,-0.13014603596556817,0
22,14,2025,har,HAR,True,4181,250,0.006607806212993811,0.0051455142622516105,-0.23382986423298213,-0.6452673847332073,0
22,14,2025,har_ovx,HAR + OVX,True,4181,250,0.005983972912721305,0.004859973150625394,-0.011858816087596313,-0.3492770408005954,0
22,14,2025,har_gpr,HAR + GPR,True,4181,250,0.0066305593662370835,0.005202808114378861,-0.24234157081027585,-0.6566174368157494,0
22,14,2025,har_x,HAR + OVX + GPR (HAR-X),True,4181,250,0.0061193439693956525,0.0050242256191449135,-0.05815774081382119,-0.411014978103345,0
66,14,2025,har,HAR,True,4137,250,0.006617877370082473,0.0044946802571805755,-0.3473825294454089,-0.4108872613289294,0
66,14,2025,har_ovx,HAR + OVX,True,4137,250,0.006255006897169185,0.004213426496628086,-0.20367451908911804,-0.2604060158536208,0
66,14,2025,har_gpr,HAR + GPR,True,4137,250,0.006755658384180652,0.004647141438976246,-0.4040702639732743,-0.4702467978904443,0
66,14,2025,har_x,HAR + OVX + GPR (HAR-X),True,4137,250,0.0065037477193495815,0.004509870377470008,-0.30131026118303006,-0.3626435183892942,0
126,14,2025,har,HAR,True,4077,250,0.010274092915557313,0.007381252169060362,-0.25596365345276384,-0.36238129339859215,0
126,14,2025,har_ovx,HAR + OVX,True,4077,250,0.009990343544886315,0.007192678035083635,-0.18754736169613495,-0.28816809797952825,0
126,14,2025,har_gpr,HAR + GPR,True,4077,250,0.010356056481975344,0.007601653701413688,-0.27608297417100625,-0.3842053215916592,0
126,14,2025,har_x,HAR + OVX + GPR (HAR-X),True,4077,250,0.010090854561238864,0.007432281619015703,-0.21156295821880566,-0.3142185329283016,0
5,15,2026,har,HAR,True,4448,162,0.02001775054999193,0.014251419926621012,0.4306748499765234,0.0677617139547666,0
5,15,2026,har_ovx,HAR + OVX,True,4448,162,0.017602563246995148,0.013011727620447456,0.5597679570856631,0.2791445009381197,0
5,15,2026,har_gpr,HAR + GPR,True,4448,162,0.019713784707898814,0.014114980434156285,0.44783377011612413,0.09585849186923046,0
5,15,2026,har_x,HAR + OVX + GPR (HAR-X),True,4448,162,0.017255440426517603,0.01291316250993625,0.5769595255237576,0.3072947386265438,0
22,15,2026,har,HAR,True,4431,145,0.017069833623864494,0.013538291286127489,0.4844048456078539,-0.5957463329608612,0
22,15,2026,har_ovx,HAR + OVX,True,4431,145,0.01360015833905094,0.010606179343404834,0.6727058972719957,-0.012962126930112783,0
22,15,2026,har_gpr,HAR + GPR,True,4431,145,0.01690723151114087,0.013403669316875809,0.4941808704784999,-0.5654899279008507,0
22,15,2026,har_x,HAR + OVX + GPR (HAR-X),True,4431,145,0.013329823682442898,0.010400553531952081,0.6855880380140984,0.026907582229840243,0
66,15,2026,har,HAR,False,4387,101,0.01962081167769574,0.015981498584008855,0.30288841369298836,-7.538972510539066,0
66,15,2026,har_ovx,HAR + OVX,False,4387,101,0.017249843326099117,0.013051657910926438,0.46118624752806103,-5.599970379250045,0
66,15,2026,har_gpr,HAR + GPR,False,4387,101,0.019296982429352235,0.015821985721473735,0.32570930750035887,-7.259437657418367,0
66,15,2026,har_x,HAR + OVX + GPR (HAR-X),False,4387,101,0.01681021983867073,0.01266623741032804,0.4883003166143689,-5.267848097646086,0
126,15,2026,har,HAR,False,4327,41,0.021675599606901262,0.021651892256133964,0.028749881177909997,-322.65664970790664,0
126,15,2026,har_ovx,HAR + OVX,False,4327,41,0.020412163982405866,0.020376447341132472,0.138675219868173,-286.0254399412137,0
126,15,2026,har_gpr,HAR + GPR,False,4327,41,0.02098921717687385,0.02095959618044657,0.08928743771633396,-302.48328514297697,0
126,15,2026,har_x,HAR + OVX + GPR (HAR-X),False,4327,41,0.019741339891650875,0.019685235733048628,0.19435800429101702,-267.4698659408088,0
