horizon,fold,test_year,include_in_main,model,n_test,rmse,mae,r2_oos,r2
5,1,2012,True,har,243,0.00732353802224962,0.005929545901718969,0.6164821678028767,-0.15108715852213628
5,1,2012,True,har_log,243,0.007516603078914447,0.006115609070065828,0.5959948366353964,-0.21257765997854783
5,1,2012,True,har_x,243,0.006745046880840921,0.0055521422489616425,0.6746778561275479,0.02358088527681379
5,1,2012,True,har_x_log,243,0.006855144501956019,0.005715347431238124,0.6639708848994499,-0.008554927070484997
5,1,2012,True,garch,243,0.007654486975784783,0.006491648883448251,0.5810368198656615,-0.2574725242459044
5,1,2012,True,train_mean,243,0.011825735461569167,0.010690526835624917,0.0,-2.001391491831577
5,1,2012,True,past_vol,243,0.009116384812276786,0.00696441096513711,0.40572292323649695,-0.7836581619885192
22,1,2012,True,har,243,0.005723930961400316,0.004745959273738938,0.7344929160082427,-0.7610672680497337
22,1,2012,True,har_log,243,0.00602745039309765,0.00501016356394577,0.7055885958069185,-0.9527851365393034
22,1,2012,True,har_x,243,0.004672570943327592,0.0038095128623264834,0.8230709494124401,-0.17354292425033924
22,1,2012,True,har_x_log,243,0.0049035223102556515,0.004045199292554639,0.805148546236589,-0.29241944205640125
22,1,2012,True,garch,243,0.005648804946648933,0.004709915594500348,0.741416686199202,-0.7151429752908427
22,1,2012,True,train_mean,243,0.011108523303578857,0.01025722530213452,0.0,-5.63284474965047
22,1,2012,True,past_vol,243,0.005826012711851835,0.004793439435189355,0.724938254324903,-0.8244418556307598
66,1,2012,True,har,243,0.005924382431944755,0.0047546438316949866,0.7090055537051545,-2.4954316474026266
66,1,2012,True,har_log,243,0.006055013669357056,0.004819648609018454,0.6960313564787924,-2.6512779879843937
66,1,2012,True,har_x,243,0.005316749213785034,0.004624794379834598,0.7656360113649644,-1.8151853525629433
66,1,2012,True,har_x_log,243,0.00527684940439971,0.00462724881269914,0.7691404048511212,-1.7730905014328542
66,1,2012,True,garch,243,0.005610493829620509,0.004674717950853604,0.7390239174545515,-2.1348504061147073
66,1,2012,True,train_mean,243,0.01098248794419437,0.010515410000033238,0.0,-11.012021850963217
66,1,2012,True,past_vol,243,0.004732705347069779,0.004197101090868935,0.814297622966762,-1.2306610106990639
126,1,2012,True,har,243,0.006353454617926459,0.005349007965965889,0.6242240262625893,-6.255681787592272
126,1,2012,True,har_log,243,0.006253052302919366,0.005083175773173873,0.6360068027032237,-6.0281736912728325
126,1,2012,True,har_x,243,0.005910723603867358,0.005273129124034376,0.6747701136280057,-5.27971112644623
126,1,2012,True,har_x_log,243,0.005786002901389306,0.005177680120203186,0.6883504969364547,-5.017493883391485
126,1,2012,True,garch,243,0.006172051260317199,0.005280563283418375,0.6453759436140407,-5.847269349795419
126,1,2012,True,train_mean,243,0.010364430119433908,0.010092472164955386,0.0,-18.308530333720825
126,1,2012,True,past_vol,243,0.003901276615447174,0.003406903883693716,0.8583154048221666,-1.7357213038121504
5,2,2013,True,har,243,0.004516475016642893,0.003652123916066121,0.8475142815731397,-0.25612309202459405
5,2,2013,True,har_log,243,0.004757430462640707,0.0039017845335832576,0.8308099401697686,-0.39372751288648167
5,2,2013,True,har_x,243,0.00508801213784663,0.003927809620544978,0.8064798361076678,-0.5941502531867482
5,2,2013,True,har_x_log,243,0.004566835681975214,0.0036228100170494757,0.8440947582158794,-0.284291908731402
5,2,2013,True,garch,243,0.005057108494759,0.0043102105744116945,0.8088235081570778,-0.574843916752307
5,2,2013,True,train_mean,243,0.011566048979473702,0.010852043798864027,0.0,-7.2376441871642765
5,2,2013,True,past_vol,243,0.005726652048506736,0.00444851279116189,0.754850202899703,-1.019456801067764
22,2,2013,True,har,243,0.00355587750767757,0.0028974289267335463,0.9049633076514397,-1.9835328763589035
22,2,2013,True,har_log,243,0.0039711624754969485,0.0032543606373860888,0.8814687018478182,-2.721110406678535
22,2,2013,True,har_x,243,0.002964663298146988,0.002449626338272762,0.9339384921028705,-1.0739008881964227
22,2,2013,True,har_x_log,243,0.0028144158653009245,0.0022856291470458425,0.9404647379903778,-0.8690192926420828
22,2,2013,True,garch,243,0.0037821396288494416,0.0031836340272178116,0.8924840628409739,-2.375299848083906
22,2,2013,True,train_mean,243,0.011534562740942831,0.011349366503095643,0.0,-30.393483954769632
22,2,2013,True,past_vol,243,0.0031382587746606925,0.0026860645087635098,0.9259755426759343,-1.3238856132635868
66,2,2013,True,har,243,0.004436099223137987,0.003896380759535818,0.8563414929059422,-19.31642405301649
66,2,2013,True,har_log,243,0.004441413897148394,0.003758579891310098,0.8559970662145955,-19.365133446272235
66,2,2013,True,har_x,243,0.0027023104997383383,0.002210957657068535,0.9466911463996343,-6.539026385789331
66,2,2013,True,har_x_log,243,0.002650517341159852,0.002212589580999518,0.9487150252805946,-6.252806081755314
66,2,2013,True,garch,243,0.0045777573694763245,0.0043003506415491685,0.8470200950548317,-20.634671578629746
66,2,2013,True,train_mean,243,0.011704034063242639,0.011662580732177779,0.0,-140.4216565658355
66,2,2013,True,past_vol,243,0.0021013817206708154,0.0016903527328900117,0.9677641782165928,-3.5588433173705
126,2,2013,True,har,243,0.00610336791055314,0.005879161193275241,0.7338805737255617,-42.27235160990405
126,2,2013,True,har_log,243,0.005678091937736235,0.0052875125045427985,0.7696743428670738,-36.45210546921852
126,2,2013,True,har_x,243,0.004442555666916714,0.004208044457453315,0.8590051547234323,-21.926468035068414
126,2,2013,True,har_x_log,243,0.00398640136599148,0.0037511491420714736,0.8864729051394435,-17.460074241219726
126,2,2013,True,garch,243,0.006311597815141973,0.006186896317276595,0.7154123084713664,-45.275384041216924
126,2,2013,True,train_mean,243,0.01183126714737747,0.011794830651384614,0.0,-161.6050086447992
126,2,2013,True,past_vol,243,0.0018919425255237352,0.0014869549935655282,0.9744286676622321,-3.158026715841772
5,3,2014,True,har,250,0.006901132934620686,0.004269218828747491,0.6101036372574595,0.18557402622423091
5,3,2014,True,har_log,250,0.006886942102955565,0.004398566399439155,0.611705480022628,0.18891999832995043
5,3,2014,True,har_x,250,0.006819518498625032,0.004187887893955208,0.619271120242341,0.20472331041995206
5,3,2014,True,har_x_log,250,0.006389932915693774,0.003808024346782634,0.6657272340625395,0.3017620862364805
5,3,2014,True,garch,250,0.006842623006745692,0.004498690732681711,0.6166869334425631,0.19932539176273856
5,3,2014,True,train_mean,250,0.011052125334283082,0.009855372805888286,0.0,-1.0888268052748096
5,3,2014,True,past_vol,250,0.008701175262667461,0.005783268670706316,0.38018193430112857,-0.2946925900253856
22,3,2014,True,har,250,0.004610301908556575,0.003137273025827888,0.7891896087950874,0.5361865000559174
22,3,2014,True,har_log,250,0.004488969265177286,0.0031357123442003446,0.800139695265434,0.5602782817820143
22,3,2014,True,har_x,250,0.004559549454783093,0.0031622356783088733,0.7938054687289309,0.5463420627818867
22,3,2014,True,har_x_log,250,0.0041179947481142795,0.0025711794004454978,0.8318081845832005,0.6299535609960152
22,3,2014,True,garch,250,0.004580982573863614,0.003190880433448587,0.7918623911831972,0.5420670097733591
22,3,2014,True,train_mean,250,0.01004114779041807,0.009594708645634166,0.0,-1.2001453405266207
22,3,2014,True,past_vol,250,0.004567191109653751,0.002847634152658702,0.793113739055538,0.5448201569640672
66,3,2014,True,har,250,0.006476544923036999,0.005006214487160149,0.6000940348419271,0.4719371724512861
66,3,2014,True,har_log,250,0.006322110188205105,0.004880014809146937,0.618938353549018,0.4968204827459004
66,3,2014,True,har_x,250,0.006580283552754488,0.004596605397231518,0.5871803755550808,0.45488510513761815
66,3,2014,True,har_x_log,250,0.0065202311435946575,0.0046882835998645666,0.5946808703049291,0.46478926464184955
66,3,2014,True,garch,250,0.006437537398789542,0.004999771299115887,0.6048967082581125,0.4782789465804651
66,3,2014,True,train_mean,250,0.010241520558066118,0.009470429588538077,0.0,-0.3204674937518972
66,3,2014,True,past_vol,250,0.00851922555934345,0.006087815267991634,0.30805535638065284,0.08630959062491106
126,3,2014,True,har,250,0.007979616006219216,0.006929374155194453,0.1732762114527061,0.12902250379241886
126,3,2014,True,har_log,250,0.008096601742909257,0.00691441360371426,0.14885803413904108,0.10329724557046782
126,3,2014,True,har_x,250,0.008712288361136026,0.006871939270343169,0.014490235845602939,-0.038263128220384024
126,3,2014,True,har_x_log,250,0.008851561486500438,0.00703602072115475,-0.017269982977668352,-0.0717234401805682
126,3,2014,True,garch,250,0.007955159049349837,0.006773695659589615,0.17833614488724892,0.13435329046488076
126,3,2014,True,train_mean,250,0.008776104292183767,0.00815944261698732,0.0,-0.053529012075543614
126,3,2014,True,past_vol,250,0.011743657322213155,0.009265491544320386,-0.7906190025691426,-0.8864690687803642
5,4,2015,True,har,252,0.0131033848980405,0.009792755608356256,0.1924647885551013,-0.1597662392747523
5,4,2015,True,har_log,252,0.01288783347619346,0.009569240790197046,0.21881426570685403,-0.12192363676028672
5,4,2015,True,har_x,252,0.011695333806795464,0.008464945468462205,0.35669086900582836,0.07609203788245211
5,4,2015,True,har_x_log,252,0.011747187507184528,0.008357953312941866,0.3509737327152862,0.06788119882412869
5,4,2015,True,garch,252,0.012787616859051021,0.009746503765358391,0.23091613005171752,-0.1045431764403677
5,4,2015,True,train_mean,252,0.014581518864279936,0.010583053150254962,0.0,-0.43618039540296594
5,4,2015,True,past_vol,252,0.015897019811092428,0.012160003622751216,-0.1885731159763706,-0.7070054076682792
22,4,2015,True,har,252,0.010540136177471291,0.008038951826173993,0.20420599399317152,-0.8791141987369471
22,4,2015,True,har_log,252,0.010160452249654183,0.007727265143858993,0.26050660708211704,-0.7461711498392842
22,4,2015,True,har_x,252,0.008377416758859628,0.006023136330385905,0.4972773389520071,-0.18708269133909394
22,4,2015,True,har_x_log,252,0.008345597423723658,0.005850189372614049,0.5010889965301464,-0.17808219646009227
22,4,2015,True,garch,252,0.0096922123764011,0.007624489252329892,0.3270945225245021,-0.5889366187576226
22,4,2015,True,train_mean,252,0.011815330930741847,0.009158065081244154,0.0,-1.3613073038411692
22,4,2015,True,past_vol,252,0.011173354950237495,0.008703992725853692,0.10571610293127809,-1.1116790978559172
66,4,2015,True,har,252,0.010280037593215883,0.008983509845037017,0.20888226297970036,-2.672669271973367
66,4,2015,True,har_log,252,0.009808373561776227,0.008525202248435261,0.2798122798658076,-2.3433851701412856
66,4,2015,True,har_x,252,0.008446207447776077,0.007224406386888889,0.46595825806379365,-1.4792247775250025
66,4,2015,True,har_x_log,252,0.008440033468353437,0.00708182052159818,0.46673871667119526,-1.475601591984697
66,4,2015,True,garch,252,0.009115767830974508,0.00827920406884429,0.3779314758571175,-1.8878785631660846
66,4,2015,True,train_mean,252,0.011557772509621828,0.010237559217858586,0.0,-3.642380141552974
66,4,2015,True,past_vol,252,0.008507881391660563,0.007680419773695776,0.45813067127221796,-1.5155634110024958
126,4,2015,True,har,252,0.008727384380807666,0.007420221697717257,0.420602271326301,-8.01152159663404
126,4,2015,True,har_log,252,0.008252469975385486,0.006920691864170563,0.48194426461663276,-7.057453829434147
126,4,2015,True,har_x,252,0.008456353036061126,0.0075239376886856715,0.4560301972399068,-7.460501971090759
126,4,2015,True,har_x_log,252,0.008421118533378241,0.007513080668853608,0.4605537963647983,-7.390145272762325
126,4,2015,True,garch,252,0.006156439217507353,0.005264061171012098,0.7116846451039367,-3.4842427208586715
126,4,2015,True,train_mean,252,0.011465571576677514,0.011090857741594774,0.0,-14.55325668476875
126,4,2015,True,past_vol,252,0.0051850826388381704,0.004291794145797461,0.7954874587564952,-2.1808360492145864
5,5,2016,True,har,250,0.012921235055497513,0.01027605074921266,0.2501056998981026,0.05851467751737849
5,5,2016,True,har_log,250,0.01290798359704189,0.010286731898957919,0.25164302934749583,0.0604447803495074
5,5,2016,True,har_x,250,0.01047836665829172,0.007964004975004322,0.5068498370494363,0.3808545549222344
5,5,2016,True,har_x_log,250,0.010651886653008433,0.008042834002591157,0.49038163344218977,0.3601788783878598
5,5,2016,True,garch,250,0.013173534842031659,0.010823544711457217,0.22053494896820391,0.021388874625549614
5,5,2016,True,train_mean,250,0.014921208558972554,0.010746515786738544,0.0,-0.2554907036294185
5,5,2016,True,past_vol,250,0.014853764839260916,0.011474626737650965,0.009019550522634812,-0.24416674179733477
22,5,2016,True,har,250,0.009996148873242613,0.0076963978908584215,0.14870929362038965,-0.3257468065425242
22,5,2016,True,har_log,250,0.009858175080838373,0.007638205718290969,0.17204732216423124,-0.28940162318608875
22,5,2016,True,har_x,250,0.007053354094081053,0.005213310809589505,0.5761581514300176,0.3399352618209287
22,5,2016,True,har_x_log,250,0.0072745135396649644,0.005342860187705006,0.5491621455248957,0.29789337372100266
22,5,2016,True,garch,250,0.009851299581539713,0.008098197700330729,0.173201816355269,-0.28760368627044985
22,5,2016,True,train_mean,250,0.01083412318838074,0.007681520097893612,0.0,-0.5573373427048112
22,5,2016,True,past_vol,250,0.011284450798707003,0.00874457959950953,-0.08485904898698982,-0.6894915085586673
66,5,2016,True,har,250,0.0069970498939090665,0.005245863549586918,-0.15501173417736513,-1.0056384283172917
66,5,2016,True,har_log,250,0.006925181804031038,0.0051855561141473565,-0.13140687497497483,-0.9646493965088381
66,5,2016,True,har_x,250,0.004779214899185323,0.003565843186547497,0.4611479080223577,0.06430174614696782
66,5,2016,True,har_x_log,250,0.00479745751315693,0.003597675621163497,0.45702638096818726,0.05714485518336121
66,5,2016,True,garch,250,0.008516673853222825,0.006550345774715168,-0.711183119460518,-1.9714110434750345
66,5,2016,True,train_mean,250,0.006510611373585766,0.005066989865610061,0.0,-0.7364658461636922
66,5,2016,True,past_vol,250,0.008170152773476136,0.006059485246528369,-0.5747688292625168,-1.7345322876175429
126,5,2016,True,har,250,0.005396117563210224,0.003945968071531105,-0.22249561933096706,-0.9570893740281914
126,5,2016,True,har_log,250,0.00528863418182523,0.003971653929640431,-0.17427972102956768,-0.8799006947946948
126,5,2016,True,har_x,250,0.0038093030543920924,0.0027377598533210473,0.3907780314695466,0.024698475657527252
126,5,2016,True,har_x_log,250,0.0038711848658987053,0.0028625431919030893,0.3708237389359501,-0.0072462882060226885
126,5,2016,True,garch,250,0.009062768507887132,0.007253544953380497,-2.448309824177694,-4.520388301226395
126,5,2016,True,train_mean,250,0.004880426168760436,0.0038094189594051926,0.0,-0.6008968401042156
126,5,2016,True,past_vol,250,0.007244196299701882,0.006663237855521956,-1.2032558196115049,-2.527185279557282
5,6,2017,True,har,251,0.0064510376216022885,0.005421434232310337,0.3645908692299433,-0.1907109916057914
5,6,2017,True,har_log,251,0.006534232214204084,0.005520315856035489,0.3480963227085886,-0.221620584958232
5,6,2017,True,har_x,251,0.005984049855997081,0.004866286677647762,0.4532551406323517,-0.024560526639036295
5,6,2017,True,har_x_log,251,0.005912763821499174,0.004833207662627643,0.46620393751096834,-0.00029541299052104897
5,6,2017,True,garch,251,0.006609716336134142,0.005700116331417338,0.33294760893394937,-0.2500081845797433
5,6,2017,True,train_mean,251,0.008092875307983813,0.006959378128523877,0.0,-0.8739280472138646
5,6,2017,True,past_vol,251,0.009007097860357981,0.007264337474907329,-0.2386940873829444,-1.321223592264881
22,6,2017,True,har,251,0.0037214119836744756,0.0029628993246556047,0.6831121687990567,-0.8806068886776679
22,6,2017,True,har_log,251,0.0038356657587547125,0.0030857516380955402,0.6633554641645124,-0.9978553001817809
22,6,2017,True,har_x,251,0.0023726758830116637,0.0017723229556512734,0.871184865775189,0.23553192979662518
22,6,2017,True,har_x_log,251,0.002348624742777269,0.0017320094317885765,0.8737831543512411,0.25095176897561045
22,6,2017,True,garch,251,0.004059777095086635,0.0031634087877270116,0.6228670862201102,-1.238138185722263
22,6,2017,True,train_mean,251,0.006610814495814448,0.006028167676798566,0.0,-4.934613776586287
22,6,2017,True,past_vol,251,0.0033039774945141367,0.0025030881222140645,0.7502162281477098,-0.4823702136022878
66,6,2017,True,har,251,0.0037829632698326934,0.003383578127815005,0.6648761935464756,-2.89932669872189
66,6,2017,True,har_log,251,0.00391410706552306,0.003501434440695407,0.6412380026554869,-3.1743684208428737
66,6,2017,True,har_x,251,0.002798868400133637,0.0023301636614630685,0.8165549536422616,-1.1344713602440084
66,6,2017,True,har_x_log,251,0.002670142400027879,0.0023612781778322763,0.8330409836780261,-0.9426484702061957
66,6,2017,True,garch,251,0.004169773129671695,0.003590754456399541,0.5928392704689864,-3.7375109519458825
66,6,2017,True,train_mean,251,0.006534757629331938,0.006247638347730537,0.0,-10.635481047994888
66,6,2017,True,past_vol,251,0.004344587912579061,0.003433192143355996,0.5579837759866664,-4.143071397413407
126,6,2017,True,har,251,0.0038768146480882156,0.0034416747326009543,0.6107474178753902,-7.605981369746603
126,6,2017,True,har_log,251,0.004112367815281202,0.0036429789254385373,0.5620088555023608,-8.683541748360225
126,6,2017,True,har_x,251,0.0035799268465529785,0.002993626895268852,0.6680828206848077,-6.33835353357003
126,6,2017,True,har_x_log,251,0.00366738841480469,0.0031312211738606737,0.65166649948988,-6.701301811503605
126,6,2017,True,garch,251,0.0044791141508774375,0.00389676539347416,0.4804041329146349,-10.487739728088691
126,6,2017,True,train_mean,251,0.006213828843004127,0.006071675630247785,0.0,-21.108989804958078
126,6,2017,True,past_vol,251,0.0036961804135649786,0.0032620718755983313,0.6461756240454413,-6.822699520724995
5,7,2018,True,har,251,0.008744041117269083,0.006046866187094261,0.25323248036051493,0.2253057106908276
5,7,2018,True,har_log,251,0.008684831998812741,0.006043332376907277,0.2633115150798795,0.23576166978584845
5,7,2018,True,har_x,251,0.008360890851472118,0.005948219822864947,0.3172430246872867,0.291710049178208
5,7,2018,True,har_x_log,251,0.008387473508682878,0.005959972712279638,0.3128946012353204,0.28719900828912015
5,7,2018,True,garch,251,0.008846858627460154,0.006312708617230456,0.23556737735061772,0.2069799880771388
5,7,2018,True,train_mean,251,0.010118577934635173,0.007744789862372361,0.0,-0.037396872433832495
5,7,2018,True,past_vol,251,0.010840181904204507,0.00742473636552403,-0.14771531766606927,-0.1906362809911828
22,7,2018,True,har,251,0.005906899621630772,0.004350558176583065,0.3429141258737357,0.3108631142929331
22,7,2018,True,har_log,251,0.005913889849243251,0.004409712165175408,0.34135801424124146,0.30923109941260163
22,7,2018,True,har_x,251,0.005825155291341222,0.00424022628668852,0.36097482994069674,0.3298047744997249
22,7,2018,True,har_x_log,251,0.005702834845935415,0.0041729895738582745,0.3875303982100601,0.3576556572167895
22,7,2018,True,garch,251,0.00599225705674115,0.004514972460042522,0.3237865255301099,0.2908025172676456
22,7,2018,True,train_mean,251,0.007286995902332159,0.006262183383014885,0.0,-0.048777508150546156
22,7,2018,True,past_vol,251,0.0065399953259382,0.005053345023869369,0.19451431747281067,0.15522473302819229
66,7,2018,True,har,251,0.00619526557718627,0.004544062166482218,-0.4947084586222452,-0.5737100276415827
66,7,2018,True,har_log,251,0.00639293686509905,0.004821055988807064,-0.5916129588328665,-0.6757363343941503
66,7,2018,True,har_x,251,0.006497019369211896,0.004771286848124111,-0.6438604944432629,-0.7307453699256883
66,7,2018,True,har_x_log,251,0.006300167888484937,0.004557302774364965,-0.5457557871465109,-0.6274554201424045
66,7,2018,True,garch,251,0.006462293542866729,0.004561927616268216,-0.6263349628127379,-0.7122935409368238
66,7,2018,True,train_mean,251,0.005067359105114013,0.004583974184700435,0.0,-0.05285416601720283
66,7,2018,True,past_vol,251,0.006371889726565562,0.004801752744445231,-0.5811502385562957,-0.66472061576309
126,7,2018,True,har,251,0.004090059779937086,0.0032745387034843836,-0.8886330381936005,-1.02566756311304
126,7,2018,True,har_log,251,0.004298643968770427,0.0034454608895325024,-1.0861773429644632,-1.237545192255221
126,7,2018,True,har_x,251,0.0049164206175479706,0.004042318711187442,-1.728891909906876,-1.926893532703998
126,7,2018,True,har_x_log,251,0.004917581787638377,0.004052566218412288,-1.730181092467983,-1.9282762551514794
126,7,2018,True,garch,251,0.004759972351663917,0.0035706141494817596,-1.5579799233270952,-1.7435805966489295
126,7,2018,True,train_mean,251,0.0029761571831078346,0.002652555180870892,0.0,-0.0725575176057005
126,7,2018,True,past_vol,251,0.005001118973035278,0.004555216773797072,-1.8237265918998982,-2.0286091838053597
5,8,2019,True,har,252,0.012178611180920954,0.008407918150861683,-0.17525223198787088,-0.1952241400894703
5,8,2019,True,har_log,252,0.012026602440048098,0.008391500630792012,-0.1460972326662322,-0.16557368885435686
5,8,2019,True,har_x,252,0.011145726980462959,0.007435426478946674,0.015643631480008913,-0.0010842456481652274
5,8,2019,True,har_x_log,252,0.011091538683697196,0.007341238617088462,0.025191851969938006,0.008626234633294927
5,8,2019,True,garch,252,0.012907535530817848,0.00981903063273201,-0.32014675522362257,-0.3425809603740817
5,8,2019,True,train_mean,252,0.011233943179415395,0.007957518533414597,0.0,-0.016993720631202747
5,8,2019,True,past_vol,252,0.015028673204948538,0.009440612835102403,-0.7896859803032377,-0.8200994038700911
22,8,2019,True,har,252,0.008724443457821258,0.006659001413516334,-0.32530788412819955,-0.3594502670007078
22,8,2019,True,har_log,252,0.008597005464779187,0.006698444480981079,-0.2868730989811883,-0.32002533068518146
22,8,2019,True,har_x,252,0.007892272817783206,0.006254110544513446,-0.08453980351023804,-0.11247955521274866
22,8,2019,True,har_x_log,252,0.007866631405952857,0.006215203811063445,-0.07750407185700148,-0.10526257009624529
22,8,2019,True,garch,252,0.009977048690478977,0.008047710615787525,-0.7331873084399474,-0.7778374198466678
22,8,2019,True,train_mean,252,0.00757843171182789,0.006226585615059573,0.0,-0.025761849968143347
22,8,2019,True,past_vol,252,0.010255124362707884,0.007658927656852282,-0.8311468724655122,-0.8783206034636037
66,8,2019,True,har,252,0.012261279500647693,0.008392553472907346,-0.4697019779519138,-0.5500315004174299
66,8,2019,True,har_log,252,0.012303611917211375,0.008496934158356222,-0.4798678725749441,-0.5607530324912857
66,8,2019,True,har_x,252,0.011793725563874128,0.007985711450487676,-0.3597520714213498,-0.43407206024043465
66,8,2019,True,har_x_log,252,0.011819354979375644,0.008086863878831136,-0.3656683558408518,-0.44031171110382683
66,8,2019,True,garch,252,0.013274956213018042,0.009501730170551245,-0.7227564645124265,-0.8169171897442948
66,8,2019,True,train_mean,252,0.010113958170275144,0.006749440849448483,0.0,-0.05465701459928507
66,8,2019,True,past_vol,252,0.013363784370055845,0.010889943648205393,-0.745888935917203,-0.8413140129763599
126,8,2019,True,har,252,0.019990383811670676,0.013343958948124238,-0.11067000577394426,-0.7472877337408479
126,8,2019,True,har_log,252,0.019997723308323903,0.0134518035254937,-0.11148572350419883,-0.7485710074196719
126,8,2019,True,har_x,252,0.020168285863204523,0.013604327042354772,-0.13052652188395397,-0.778525677372603
126,8,2019,True,har_x_log,252,0.020029753045747313,0.013433080978754619,-0.11504903973907998,-0.7541767577472038
126,8,2019,True,garch,252,0.018384793794047883,0.012606446729457205,0.060578912299639076,-0.4778817603996859
126,8,2019,True,train_mean,252,0.01896830877752023,0.012210309291132478,0.0,-0.573183506043536
126,8,2019,True,past_vol,252,0.01710685298424852,0.011604401464043021,0.18663959893148463,-0.27956516742994375
5,9,2020,True,har,253,0.024297831195135382,0.014430378773673404,0.4218381577382123,0.2940076581784079
5,9,2020,True,har_log,253,0.024149250698226616,0.013939254788223818,0.428887422692095,0.3026155023997481
5,9,2020,True,har_x,253,0.027840490262651542,0.01658214378371292,0.24095388451599586,0.07313021121429952
5,9,2020,True,har_x_log,253,0.030071633988918576,0.017353147541219534,0.1144186578129267,-0.0813817169225568
5,9,2020,True,garch,253,0.026204067271705184,0.018245551488489376,0.3275626688071466,0.17888803536407183
5,9,2020,True,train_mean,253,0.03195529254384671,0.01810672981253466,0.0,-0.22109812550016672
5,9,2020,True,past_vol,253,0.030542587124491902,0.018106895368540828,0.08646319889243037,-0.11551807540787196
22,9,2020,True,har,253,0.022402591153164963,0.014822464065377303,0.473686494842538,0.2731720394605883
22,9,2020,True,har_log,253,0.022744857969402604,0.014927512381988254,0.4574816073457053,0.2507934282057437
22,9,2020,True,har_x,253,0.025234859694959973,0.01570647417719401,0.3321947995112968,0.07777496273138274
22,9,2020,True,har_x_log,253,0.025076453744858927,0.01555687971301654,0.3405524682554554,0.08931672874850838
22,9,2020,True,garch,253,0.02491022610081809,0.017436286175353383,0.3492662273517856,0.10135024810637216
22,9,2020,True,train_mean,253,0.03087990787541058,0.01906533059572694,0.0,-0.38097911875158874
22,9,2020,True,past_vol,253,0.02495142739882379,0.01689488771070748,0.34711183111111277,0.09837507188448613
66,9,2020,True,har,253,0.025909759963242476,0.017402685234128672,0.1237266000609516,-0.32388172466144893
66,9,2020,True,har_log,253,0.025301398141568187,0.017231128930658018,0.1643933437284676,-0.2624420429974148
66,9,2020,True,har_x,253,0.028848547421181918,0.019412932783795016,-0.08632744169635376,-0.6412332579764082
66,9,2020,True,har_x_log,253,0.027643754065667027,0.01887382113073606,0.0025138125628115793,-0.5070110929330653
66,9,2020,True,garch,253,0.030479636841739915,0.022451115445531494,-0.21264149666567267,-0.8320696669709009
66,9,2020,True,train_mean,253,0.027678565319284934,0.01724308180742446,0.0,-0.5108089835358864
66,9,2020,True,past_vol,253,0.035535446728380875,0.02671304589394074,-0.6483005682362069,-1.4902673060585676
126,9,2020,True,har,253,0.01899300992065348,0.01210890527403874,0.04604928431976174,-0.48986462610211756
126,9,2020,True,har_log,253,0.017955630734395437,0.01137718835631635,0.1474110911363029,-0.33155941396537125
126,9,2020,True,har_x,253,0.021477946887122235,0.013984155954653913,-0.2198990023598284,-0.9052183107144791
126,9,2020,True,har_x_log,253,0.01935264683539119,0.012817474374642847,0.009580709487499672,-0.5468206498398864
126,9,2020,True,garch,253,0.026628820586461297,0.020271158421612603,-0.8751767566175785,-1.9286203903953996
126,9,2020,True,train_mean,253,0.019446024384619013,0.011864995509658485,0.0,-0.5617836452271359
126,9,2020,True,past_vol,253,0.029182917687784762,0.02552633481181194,-1.2521419926493098,-2.5173585308489446
5,10,2021,True,har,252,0.011406088892749185,0.0083527208126704,-0.11782349988449003,-0.1530651965260048
5,10,2021,True,har_log,252,0.011475959820203446,0.008511208302190435,-0.1315604760759419,-0.16723525928949678
5,10,2021,True,har_x,252,0.010870619868084838,0.007873945715829967,-0.015332645871430683,-0.04734310646715523
5,10,2021,True,har_x_log,252,0.01088388237118505,0.00790112049442733,-0.017811633622249134,-0.04990024943147686
5,10,2021,True,garch,252,0.011815537044891689,0.009093544616718711,-0.19951770889418796,-0.23733498435613876
5,10,2021,True,train_mean,252,0.010788228443175537,0.008234382188129854,0.0,-0.0315270672383936
5,10,2021,True,past_vol,252,0.013363006751929887,0.009740809145070077,-0.5342923066006076,-0.5826640433141548
22,10,2021,True,har,252,0.009560389170591705,0.00799581898373602,-0.6413128832360262,-0.7483909423985069
22,10,2021,True,har_log,252,0.009842480072369026,0.00826464513368001,-0.7395997005220498,-0.8530899201834445
22,10,2021,True,har_x,252,0.008442221225458221,0.007265774044811055,-0.279834145786664,-0.3633295949361972
22,10,2021,True,har_x_log,252,0.008543192231339277,0.007372379086091611,-0.3106314740078153,-0.39613611845886165
22,10,2021,True,garch,252,0.01006953614809579,0.00860099376817432,-0.8207870944159728,-0.9395739206265594
22,10,2021,True,train_mean,252,0.007462423328203517,0.006388441352278794,0.0,-0.06523927293580045
22,10,2021,True,past_vol,252,0.01148033066408873,0.009360445962208756,-1.3667317125099396,-1.52113556866819
66,10,2021,True,har,252,0.005737625710188693,0.004617833294134816,-0.6520775867876072,-0.6539810746680397
66,10,2021,True,har_log,252,0.006242953352826958,0.005006125495008941,-0.9558979487215733,-0.9581514918181742
66,10,2021,True,har_x,252,0.004806516591842664,0.0037286677192507043,-0.1593829332430423,-0.16071874905451367
66,10,2021,True,har_x_log,252,0.00477084408438266,0.003622079731573631,-0.1422376173253841,-0.14355367867658297
66,10,2021,True,garch,252,0.006594900994128488,0.005108676683422251,-1.1826423197510163,-1.1851571127826461
66,10,2021,True,train_mean,252,0.004463926079710652,0.0032944285668037795,0.0,-0.0011521782606673803
66,10,2021,True,past_vol,252,0.005546022349987124,0.0046732623480947874,-0.5435803532974128,-0.5453588330240753
126,10,2021,True,har,252,0.006713669531404008,0.005146580127848053,-0.2881044262935082,-0.39110135656050904
126,10,2021,True,har_log,252,0.007255794970357778,0.005634691574350857,-0.5045310566129697,-0.624833477099485
126,10,2021,True,har_x,252,0.0060864664385646096,0.004677422158252535,-0.05867246022808703,-0.14332399261623863
126,10,2021,True,har_x_log,252,0.00598775320755823,0.004669244800516989,-0.024610817321351064,-0.1065387780893512
126,10,2021,True,garch,252,0.007227301362145816,0.0058170491179627285,-0.49273762969126333,-0.612097046842436
126,10,2021,True,train_mean,252,0.005915404178301285,0.004483184424266594,0.0,-0.07996007789785509
126,10,2021,True,past_vol,252,0.00764192672202554,0.005410975448090828,-0.66892526926566,-0.8023726638018409
5,11,2022,True,har,251,0.012049307998910542,0.008362724477111706,0.3308718381360326,0.09260043293701259
5,11,2022,True,har_log,251,0.01195493964021395,0.00828812978711661,0.34131181646607944,0.1067580074597203
5,11,2022,True,har_x,251,0.011239505763677618,0.007677327808298231,0.41779018068873963,0.2104697304755503
5,11,2022,True,har_x_log,251,0.0106703033602741,0.007714998414465945,0.47526669420910705,0.2884131895273817
5,11,2022,True,garch,251,0.012008584380480924,0.009069322488417885,0.33538716333751584,0.09872363080326452
5,11,2022,True,train_mean,251,0.014730159567877278,0.010164447894684918,0.0,-0.3560923284640649
5,11,2022,True,past_vol,251,0.014399182752889868,0.011011710080505797,0.044433789037355176,-0.29583600802591703
22,11,2022,True,har,251,0.010436281799408894,0.006423225783881221,0.23239060693218883,-0.30788502972839793
22,11,2022,True,har_log,251,0.010246548144440348,0.00621238796835837,0.2600474763900773,-0.26076209733623323
22,11,2022,True,har_x,251,0.008969584039750391,0.005462399674746735,0.4329866393837357,0.033898890890084354
22,11,2022,True,har_x_log,251,0.008356810251097965,0.005471543896391069,0.5078134197914482,0.16139189293230394
22,11,2022,True,garch,251,0.010725835486149565,0.007346612168705187,0.18920521139085011,-0.3814661151625969
22,11,2022,True,train_mean,251,0.011911752389629396,0.008437310196209503,0.0,-0.7038418778349398
22,11,2022,True,past_vol,251,0.012302746530422539,0.008339714601329425,-0.06672589712481969,-0.8175322556923135
66,11,2022,True,har,251,0.008695619864627857,0.005694634087125462,0.06539148268480255,-0.9900113983656673
66,11,2022,True,har_log,251,0.008697275000220576,0.005902258181899195,0.0650356596230326,-0.9907690331781103
66,11,2022,True,har_x,251,0.006990105524671364,0.004889967731519091,0.39605678490864205,-0.28594364349462054
66,11,2022,True,har_x_log,251,0.006845262752094688,0.005243594911283366,0.42082622536386594,-0.23320341277359913
66,11,2022,True,garch,251,0.009909792823622355,0.007874710264439201,-0.2138297927569892,-1.5845421676674096
66,11,2022,True,train_mean,251,0.008994679202256602,0.006620892920672544,0.0,-1.1292459478994181
66,11,2022,True,past_vol,251,0.008590837127697159,0.007011640104525135,0.08777995037373632,-0.9423408442593282
126,11,2022,True,har,251,0.006257835407902765,0.00402136783160253,0.08567295688223053,-0.6955015864311798
126,11,2022,True,har_log,251,0.006532079085381855,0.004624738496366512,0.003777924757541684,-0.8473653620171737
126,11,2022,True,har_x,251,0.004956721641863312,0.00359046535205675,0.4263561342448071,-0.06374856978737209
126,11,2022,True,har_x_log,251,0.005626843722056679,0.004823028447865009,0.2607641855712107,-0.3708174832463276
126,11,2022,True,garch,251,0.008813360548849533,0.007648679260062751,-0.8135785351455269,-2.3630475075653115
126,11,2022,True,train_mean,251,0.006544453008902302,0.004640867177402157,0.0,-0.8543710362647463
126,11,2022,True,past_vol,251,0.008881886281926285,0.007966737761713277,-0.8418900826088371,-2.4155476211731086
5,12,2023,True,har,250,0.007292838339149116,0.00597183714285615,0.07646520502359166,0.04089858274332836
5,12,2023,True,har_log,250,0.007380322271661859,0.006019795495250811,0.05417510294110961,0.01775005751786518
5,12,2023,True,har_x,250,0.006912106081120395,0.005632207548784781,0.17037681859279485,0.13842686447242625
5,12,2023,True,har_x_log,250,0.006873292557356046,0.005540072446174953,0.17966781926252262,0.14807567462937987
5,12,2023,True,garch,250,0.007894835871332481,0.006569585626919162,-0.08229661637449048,-0.12397737941578102
5,12,2023,True,train_mean,250,0.007588744923871974,0.006510960329916203,0.0,-0.03851140473940862
5,12,2023,True,past_vol,250,0.009478288391488978,0.0073843006153765794,-0.5599832187136635,-0.6200603638362308
22,12,2023,True,har,250,0.005377863412408862,0.004345201946328409,-0.17380346484206033,-0.34802172548019894
22,12,2023,True,har_log,250,0.00571470487177292,0.004587012407936809,-0.32545035294263047,-0.522176348365504
22,12,2023,True,har_x,250,0.004602438678918581,0.0038217038609720906,0.1402902080802796,0.012690359308336396
22,12,2023,True,har_x_log,250,0.00462325237506779,0.0038199568139788156,0.1324968618854805,0.0037403090661595195
22,12,2023,True,garch,250,0.005938685227229957,0.004919123013563816,-0.43138501022530695,-0.6438340396022235
22,12,2023,True,train_mean,250,0.004963774849161754,0.0037954348683802977,0.0,-0.14842200236781578
22,12,2023,True,past_vol,250,0.006250023812707347,0.004831795653256006,-0.5854012476665498,-0.8207096754016527
66,12,2023,True,har,250,0.004805674774950144,0.003989368997288871,-0.6221129876240459,-1.868119390408641
66,12,2023,True,har_log,250,0.005699585726903391,0.004853818477027641,-1.28170203111174,-3.0343637517826823
66,12,2023,True,har_x,250,0.004219416768066436,0.0035364293720522876,-0.25048128808990633,-1.2110233116172284
66,12,2023,True,har_x_log,250,0.004427400140263783,0.0037834531359331076,-0.376796957266478,-1.4343668288949134
66,12,2023,True,garch,250,0.006447489186451734,0.005507857184741665,-1.9198032887138687,-4.162614745354639
66,12,2023,True,train_mean,250,0.0037732347522495087,0.0028255408772939737,0.0,-0.768137862338218
66,12,2023,True,past_vol,250,0.004956521801312894,0.003897224925340347,-0.7255453991795031,-2.0510021534727936
126,12,2023,True,har,250,0.004295879427189782,0.003487710018323687,-0.22493637174714465,-5.590184065159732
126,12,2023,True,har_log,250,0.005287556867247523,0.004494158237547377,-0.8557499849093926,-8.983974891713636
126,12,2023,True,har_x,250,0.0042676126445162,0.0034602370048726163,-0.20886930332521647,-5.503742890964703
126,12,2023,True,har_x_log,250,0.004896985444624292,0.003969102401822668,-0.5917211594893057,-7.563494123766063
126,12,2023,True,garch,250,0.007388402664908836,0.006340603707641732,-2.623351575202939,-18.493709521675395
126,12,2023,True,train_mean,250,0.0038814618180434773,0.0035022039560986757,0.0,-4.380021540025019
126,12,2023,True,past_vol,250,0.002807586077596765,0.0023828979939170634,0.4767906173215988,-1.8148777487529917
5,13,2024,True,har,252,0.0062996619805665436,0.005133517346725029,0.40822625104426513,0.13452764944596574
5,13,2024,True,har_log,252,0.006356781157825404,0.00517771086666917,0.39744634893594677,0.1187619835425826
5,13,2024,True,har_x,252,0.006335015459120923,0.0053914763225048155,0.4015655872525242,0.1247863921525143
5,13,2024,True,har_x_log,252,0.006044522263946735,0.005024494847636099,0.45518988187655796,0.20321221688191782
5,13,2024,True,garch,252,0.006887630417786538,0.0057833214128933386,0.2926068139633359,-0.034566410837622685
5,13,2024,True,train_mean,252,0.008189160807126165,0.0070229173513690485,0.0,-0.46250547963859123
5,13,2024,True,past_vol,252,0.007721155909276109,0.005833704896249664,0.11103257826479584,-0.3001197255079264
22,13,2024,True,har,252,0.004646008998175875,0.003846490653854196,0.5348366361577357,0.001740915099456064
22,13,2024,True,har_log,252,0.00485786871485548,0.004048479909045592,0.4914461380164361,-0.09137682016268833
22,13,2024,True,har_x,252,0.004794793940733248,0.0042185507885842705,0.5045665732514005,-0.06321984416405013
22,13,2024,True,har_x_log,252,0.004829315162092025,0.004200646074511831,0.4974069181850861,-0.07858474877662891
22,13,2024,True,garch,252,0.005114633256804843,0.004254140300619917,0.4362657703912114,-0.2097960843864104
22,13,2024,True,train_mean,252,0.006812041660988914,0.006014288830501177,0.0,-1.146039784076914
22,13,2024,True,past_vol,252,0.0048851845145922975,0.00395115970779208,0.485710860930612,-0.10368495296157176
66,13,2024,True,har,252,0.005130047292111868,0.004507570285640136,0.35658955920155344,-1.2053029957616919
66,13,2024,True,har_log,252,0.0054873606710843055,0.004727173858989365,0.2638397233940989,-1.523205034324754
66,13,2024,True,har_x,252,0.005773533337358778,0.005036544828924336,0.1850542067716895,-1.7932440713264235
66,13,2024,True,har_x_log,252,0.005986455290996501,0.005185424310457876,0.12383711262193942,-2.0030669659514113
66,13,2024,True,garch,252,0.006113708785642686,0.0052593264251869064,0.08619219564290992,-2.132095721042844
66,13,2024,True,train_mean,252,0.0063955414314826615,0.005598462436212125,0.0,-2.4275213082103537
66,13,2024,True,past_vol,252,0.0061246243129793095,0.005303502203761687,0.08292622439062647,-2.1432899071020484
126,13,2024,True,har,252,0.004135169647077785,0.003306812652773198,0.31985727491533533,-2.862650470590342
126,13,2024,True,har_log,252,0.004595465887496063,0.00368697886538012,0.16001314909569486,-3.770433447672805
126,13,2024,True,har_x,252,0.004302656509346103,0.003457574416834156,0.26364583448747525,-3.1818851529788175
126,13,2024,True,har_x_log,252,0.004784097382263778,0.0038544763300142806,0.08963947622001378,-4.1700979454685925
126,13,2024,True,garch,252,0.006169825513555271,0.005064242450851383,-0.5141160342438245,-7.5989319542780756
126,13,2024,True,train_mean,252,0.005014103597857917,0.004551298626821375,0.0,-4.679176337745164
126,13,2024,True,past_vol,252,0.004062003120555295,0.003472875192693277,0.3437128516734118,-2.7271704435426107
5,14,2025,True,har,250,0.009006710948603327,0.006649697719054236,-0.08399243765450048,-0.28954266682205976
5,14,2025,True,har_log,250,0.009132128853123563,0.006784573641588773,-0.11439168615467321,-0.32570632130762167
5,14,2025,True,har_x,250,0.008442915789676434,0.00650278890066787,0.04746988042278866,-0.13315202944195814
5,14,2025,True,har_x_log,250,0.008157951555510815,0.006242871533943543,0.11068412266855532,-0.05795089362672501
5,14,2025,True,garch,250,0.009355556734527773,0.007182066314019118,-0.16958846272122519,-0.39136969309979586
5,14,2025,True,train_mean,250,0.008650736805089406,0.0071488650636528,0.0,-0.18962330550231576
5,14,2025,True,past_vol,250,0.01105404428383449,0.007953181404398635,-0.6328120703149243,-0.9424312923521196
22,14,2025,True,har,250,0.006614836323147207,0.005140775447864322,-0.24143912550004143,-0.6487700793894176
22,14,2025,True,har_log,250,0.006679023067724621,0.0052793835763155625,-0.2656485047670558,-0.6809228441574571
22,14,2025,True,har_x,250,0.006121116324501884,0.005016767327800366,-0.06303726533435516,-0.4118324453913591
22,14,2025,True,har_x_log,250,0.006140935544515872,0.004973687962141124,-0.06993230757731017,-0.4209898330657096
22,14,2025,True,garch,250,0.007105542056697907,0.005672001863537337,-0.43245719186609755,-0.9024634470125124
22,14,2025,True,train_mean,250,0.005936854265146366,0.005413957900513339,0.0,-0.3281119029701165
22,14,2025,True,past_vol,250,0.007721920872255916,0.005919613755577615,-0.6917567486364542,-1.2468422747940981
66,14,2025,True,har,250,0.00662402185805657,0.004495259335709208,-0.35338825972111665,-0.4135084051952904
66,14,2025,True,har_log,250,0.006983594028917751,0.004838253314972458,-0.5043083320665627,-0.5711326414339943
66,14,2025,True,har_x,250,0.006512283245279421,0.0045066747865334785,-0.3081135793297063,-0.36622253521960735
66,14,2025,True,har_x_log,250,0.00672806710801484,0.004727872904683897,-0.3962382143430234,-0.45826183835480605
66,14,2025,True,garch,250,0.0074500189997541814,0.005356871791372777,-0.7119601519089691,-0.7880087600149421
66,14,2025,True,train_mean,250,0.005693909426192148,0.0040956126275062945,0.0,-0.04442194990413362
66,14,2025,True,past_vol,250,0.007915212316663934,0.005728739901136421,-0.9324311461908712,-1.0182735057601495
126,14,2025,True,har,250,0.010351845057156715,0.007410029068101034,-0.2574909055862824,-0.38307974037464
126,14,2025,True,har_log,250,0.010656796095299896,0.00787889236852449,-0.3326700546918606,-0.465767223492501
126,14,2025,True,har_x,250,0.01017396279560908,0.007484407623559718,-0.21464570028334484,-0.3359554747728486
126,14,2025,True,har_x_log,250,0.010252331132729857,0.007750324209979127,-0.23343019577875257,-0.35661602590482233
126,14,2025,True,garch,250,0.010579419657634107,0.008131135108413323,-0.31338791667228993,-0.4445593290039582
126,14,2025,True,train_mean,250,0.009231352536720224,0.0066285715448381735,0.0,-0.09987255910197157
126,14,2025,True,past_vol,250,0.010760067212238437,0.007227900143802557,-0.35862404068078857,-0.49431330048103983
5,15,2026,True,har,162,0.020018223175546065,0.014254083941783529,0.43142479406822054,0.06771769254119397
5,15,2026,True,har_log,162,0.020129173077409322,0.014324844316785091,0.4251047345122374,0.05735480713103425
5,15,2026,True,har_x,162,0.017250132260363774,0.01291609389788321,0.5777966038685897,0.3077208568789347
5,15,2026,True,har_x_log,162,0.016822700016155746,0.012808295919527583,0.5984605080936227,0.3416030805690282
5,15,2026,True,garch,162,0.01963829128504715,0.014768312634344027,0.4528023057543942,0.10277000526005853
5,15,2026,True,train_mean,162,0.026547985273447525,0.017963868057668933,0.0,-0.6396816071692475
5,15,2026,True,past_vol,162,0.024037684423497404,0.01808546116440984,0.18017317882628325,-0.34425495974257503
22,15,2026,True,har,145,0.01707420211075032,0.01355110598783516,0.48511377359268426,-0.5965631996141567
22,15,2026,True,har_log,145,0.017075308776247026,0.013055129361877025,0.48504702666256927,-0.5967701690121388
22,15,2026,True,har_x,145,0.013342555940995272,0.010416265483629472,0.6855812020258861,0.025047755471953592
22,15,2026,True,har_x_log,145,0.012550675853914674,0.009886780581527583,0.7217951705417421,0.137340309591789
22,15,2026,True,garch,145,0.016394727200664868,0.013770542603478028,0.5252785804144537,-0.4720198554686088
22,15,2026,True,train_mean,145,0.02379494913696852,0.019585763936552328,0.0,-2.100807746896591
22,15,2026,True,past_vol,145,0.018709494484544835,0.016128492117131965,0.3817636375443245,-0.917032102115727
66,15,2026,False,har,101,0.01964325969757372,0.0160051471429537,0.30345265202366967,-7.558522433278494
66,15,2026,False,har_log,101,0.019195447021899306,0.015376298316258962,0.33484940013637765,-7.172748553246814
66,15,2026,False,har_x,101,0.016826365047274708,0.012685469127220019,0.4889020492147539,-5.279893664237796
66,15,2026,False,har_x_log,101,0.01584667259555802,0.011425650518640468,0.54668541050133,-4.569905757057933
66,15,2026,False,garch,101,0.02033033727401616,0.017679579882555405,0.2538731077111276,-8.16770950930916
66,15,2026,False,train_mean,101,0.02353630248145061,0.022558211894113195,0.0,-11.287064846551283
66,15,2026,False,past_vol,101,0.02376289558600925,0.021441863430523893,-0.01934746161173817,-11.524788361990872
126,15,2026,False,har,41,0.02188679134009044,0.021863325760762067,0.0284178471830131,-328.99433860222854
126,15,2026,False,har_log,41,0.02122909553197955,0.021206640759352656,0.08593239783136986,-309.4597310076159
126,15,2026,False,har_x,41,0.01983357137354854,0.019771961467939594,0.20215747541472495,-269.9843068297322
126,15,2026,False,har_x_log,41,0.01841768404929058,0.018221996471807906,0.31200485991101656,-232.67504287409167
126,15,2026,False,garch,41,0.019827760657438482,0.019774727671702814,0.2026249007921388,-269.82554750318593
126,15,2026,False,train_mean,41,0.02220456825915345,0.02217185638722771,0.0,-338.64635686796964
126,15,2026,False,past_vol,41,0.02714441040574689,0.027138147266034855,-0.4944320030627858,-506.5783854271777
