variable,label,role,N,mean,std,min,max,skew,excess_kurtosis,adf_stat,adf_p,adf_lag,lb_q20,lb_p
brent_ret,Brent günlük log getirisi,main,4640,-7.143870726881852e-06,0.024502098802272332,-0.2797614880948596,0.1907740391162253,-0.7788812282016533,11.664050219718042,-10.368420319136348,2.297714736676192e-18,29,60.425913748475196,6.117630179092858e-06
target_vol_5,"Hedef, h=5",main,4636,0.019962703750167555,0.014306840627927178,0.0011196584758676573,0.13953052725282714,2.727429008141258,12.495264143522888,-7.135546582431339,3.4286865932205746e-10,17,27701.83795473635,0.0
target_vol_22,"Hedef, h=22",main,4619,0.02128613852367475,0.012171076159570325,0.005037570489586561,0.10335543697772094,2.470250912714081,8.967712410090796,-6.597584312555917,6.86345504121688e-09,30,68867.01875465226,0.0
target_vol_66,"Hedef, h=66",main,4575,0.021846763054341686,0.010888472786852899,0.007245102853823196,0.08031559768469416,2.174531295817587,6.592698473457566,-6.582554649589457,7.45130210266652e-09,30,83703.28505171399,0.0
target_vol_126,"Hedef, h=126",main,4515,0.02222344567843182,0.009905997769537178,0.007905742695841572,0.060165411122723535,1.6588719323770191,3.212871722529159,-4.5374588119486985,0.00016816294737679373,30,86183.66785365477,0.0
OVX,OVX,main,4641,39.458478765687,17.838724437793374,14.5,325.1499938964844,4.15241112618382,34.898119383086545,-6.2712299967949985,3.999726522639779e-08,31,64064.36344253097,0.0
GPRD,"GPRD (model girdisi, publication)",main,4637,113.98226946891832,54.88821507791275,24.75760650634766,540.827392578125,2.3563086983589567,11.093314343417388,-7.549096833210238,3.224300318377858e-11,19,23236.16097487286,0.0
GPRD_THREAT,"GPRD_THREAT (model girdisi, publication)",main,4637,121.05845008144252,70.07103607121329,16.6184253692627,809.48681640625,2.50958798660621,13.459453206796544,-7.381999924620455,8.424900302482035e-11,19,21978.728701793178,0.0
GPRD_obs_trading,"GPRD (gözlem tarihli, işlem günleri)",footnote,4641,115.11750596331461,54.84687524145975,9.491598129272461,540.827392578125,2.0725529962512628,8.085633281239978,-6.4435032592100905,1.586646419740828e-08,19,22378.572551870275,0.0
GPRD_THREAT_obs_trading,"GPRD_THREAT (gözlem tarihli, işlem günleri)",footnote,4641,125.99185974293293,72.70625362230575,7.892561435699463,809.48681640625,2.276208385068273,10.639192403714912,-6.251740901159935,4.436923871341635e-08,19,20730.67941939327,0.0
GPRD_own_calendar,"GPRD (kendi takvimi, tüm takvim günleri)",footnote,6818,103.43134742938517,53.40771930590759,0.0,540.827392578125,1.9543492197367456,7.643965904972617,-6.102584471144531,9.754912505022858e-08,35,25792.30310072867,0.0
GPRD_THREAT_own_calendar,"GPRD_THREAT (kendi takvimi, tüm takvim günleri)",footnote,6818,112.14185450167277,69.40843859903529,0.0,809.48681640625,2.2219593438880123,10.462165161137742,-5.702428802017968,7.621597408922723e-07,34,23702.798311958824,0.0
