feature,changed,first_valid_row_timestamp,first_valid_row_publication,n_rows_differ
brent_lag1,False,1,1,0
brent_lag2,False,2,2,0
brent_lag3,False,3,3,0
brent_lag4,False,4,4,0
brent_lag5,False,5,5,0
ovx_lag1,False,1,1,0
ovx_lag2,False,2,2,0
ovx_lag3,False,3,3,0
ovx_lag4,False,4,4,0
ovx_lag5,False,5,5,0
gprd_lag1,True,1,4,3727
gprd_lag2,True,2,4,3726
gprd_lag3,True,3,4,3723
gprd_lag4,True,4,4,3724
gprd_lag5,True,5,9,3724
gprd_threat_lag1,True,1,4,3727
gprd_threat_lag2,True,2,4,3723
gprd_threat_lag3,True,3,4,3725
gprd_threat_lag4,True,4,4,3723
gprd_threat_lag5,True,5,9,3723
brent_ema5,False,5,5,0
brent_ema10,False,10,10,0
brent_ema20,False,20,20,0
ovx_ema5,False,5,5,0
ovx_ema10,False,10,10,0
ovx_ema20,False,20,20,0
gprd_ema5,True,5,9,3724
gprd_ema10,True,10,14,3720
gprd_ema20,True,20,23,3711
gprd_threat_ema5,True,5,9,3724
gprd_threat_ema10,True,10,14,3720
gprd_threat_ema20,True,20,23,3711
brent_ret_lag1,False,2,2,0
brent_ret_lag2,False,3,3,0
brent_ret_lag3,False,4,4,0
brent_ret_lag4,False,5,5,0
brent_ret_lag5,False,6,6,0
brent_vol5,False,6,6,0
brent_vol20,False,21,21,0
brent_vol60,False,61,61,0
brent_vol126,False,127,127,0
vol_ratio,False,21,21,0
vol5_vol60,False,61,61,0
vol20_vol126,False,127,127,0
ovx_z60,False,60,60,0
ovx_spike,False,60,60,0
ovx_regime_high,False,60,60,0
ovx_regime_low,False,60,60,0
ovx_mr60,False,60,60,0
gprd_z60,True,60,61,3678
gprd_spike,True,60,61,253
gprd_momentum,True,20,23,3711
gprd_threat_z60,True,60,61,3678
gprd_threat_spike,True,60,61,248
gprd_threat_momentum,True,20,23,3711
threat_ratio,True,1,4,3727
ovx_x_gprd,True,1,4,3727
ovx_x_gprd_threat,True,1,4,3727
ovx_regime_high_x_gprd,True,60,60,746
ovx_regime_low_x_gprd,True,60,60,1053
dow,False,0,0,0
month,False,0,0,0
is_month_start,False,0,0,0
is_month_end,False,0,0,0
is_quarter_end,False,0,0,0
