horizon,test_year,include_in_main,model,rmse,mae,r2_oos,r2,n
5,2012,True,har_x,0.006767959626208586,0.005604744558732063,0.672463880706206,0.016935878284075168,243
5,2012,True,har_x_log,0.006921208801587495,0.0057998810814185895,0.6574629262051821,-0.02808785892465049,243
5,2012,True,har,0.007348283585419855,0.005987540350676656,0.6138860460238644,-0.15887913634142126,243
5,2012,True,xgboost,0.008190238422119387,0.006579542791882636,0.5203363923813367,-0.4396582708478949,243
5,2012,True,bilstm,0.021406355165334096,0.014852022767171937,-2.2766430591062816,-8.834488599370577,243
5,2012,True,train_mean,0.011825735461569162,0.01069052683562491,0.0,-2.0013914918315745,243
5,2012,True,past_vol,0.009116384812276784,0.006964410965137112,0.4057229232364964,-0.783658161988519,243
5,2012,True,h1_xgb_bilstm,0.013722777010847972,0.010405800940880292,-0.3465661505773565,-3.0415721875312727,243
5,2012,True,h2_harx_xgb,0.007201978044134253,0.0058915316194708715,0.6291081701242269,-0.11319158257898909,243
5,2012,True,h3_harx_resid,0.010820267351536763,0.008827105081206408,0.1628184208642688,-1.5127096687361052,243
5,2013,True,har_x,0.005032750910488262,0.003902070075455319,0.8106606778578029,-0.5597099664462799,243
5,2013,True,har_x_log,0.004541051634021733,0.0036310239261564464,0.8458502495697615,-0.26983079558446676,243
5,2013,True,har,0.004571136531517891,0.0037192471950859155,0.8438009702320968,-0.28671202960825637,243
5,2013,True,xgboost,0.004733532551977063,0.003687421796112611,0.8325054494065993,-0.37976051107740805,243
5,2013,True,bilstm,0.012643303639830163,0.007574297243075712,-0.1949537096563292,-8.843603480280763,243
5,2013,True,train_mean,0.01156604897947365,0.010852043798863975,0.0,-7.237644187164204,243
5,2013,True,past_vol,0.005726652048506738,0.004448512791161885,0.7548502028997006,-1.019456801067765,243
5,2013,True,h1_xgb_bilstm,0.006891904433730102,0.004745654611061214,0.6449345301501646,-1.9249030037712234,243
5,2013,True,h2_harx_xgb,0.004651080788090128,0.003629797805473973,0.838289689087385,-0.3321120026938189,243
5,2013,True,h3_harx_resid,0.005249454060500238,0.0042730678445951535,0.794004266912615,-0.6969195532479253,243
5,2014,True,har_x,0.006816327888618192,0.0041987066518787905,0.6196272958881777,0.20546729965636468,250
5,2014,True,har_x_log,0.006377827457939978,0.003810053353917877,0.6669925656128122,0.30440514469625213,250
5,2014,True,har,0.00690071031860162,0.0043158031762887015,0.6101513892439476,0.185673771853615,250
5,2014,True,xgboost,0.005999119764096797,0.004098742651054936,0.7053655931032676,0.3845597531178625,250
5,2014,True,bilstm,0.008660988599676664,0.006060661579832469,0.38589401314000316,-0.2827610466328969,250
5,2014,True,train_mean,0.011052125334283064,0.009855372805888267,0.0,-1.0888268052748025,250
5,2014,True,past_vol,0.008701175262667464,0.005783268670706318,0.380181934301126,-0.2946925900253865,250
5,2014,True,h1_xgb_bilstm,0.006882512657409027,0.004645909536691224,0.6122047949019072,0.18996298063406414,250
5,2014,True,h2_harx_xgb,0.005921093235746579,0.0035648118890891905,0.7129799757447466,0.40046487968500266,250
5,2014,True,h3_harx_resid,0.006607153878642262,0.004894970056233374,0.6426142430099786,0.2534830509758169,250
5,2015,True,har_x,0.011663713588475877,0.008436495564332276,0.3601647462191734,0.08108115223228918,252
5,2015,True,har_x_log,0.011722272426279406,0.008345994450528553,0.3537239048009452,0.07183094205753027,252
5,2015,True,har,0.013080710242593148,0.009774474065239765,0.19525715710984426,-0.1557558942996986,252
5,2015,True,xgboost,0.0136562324102241,0.009881796183564885,0.12288554069540925,-0.2596945909777344,252
5,2015,True,bilstm,0.012115222237783146,0.009347681264469608,0.3096692131822577,0.008560457629247509,252
5,2015,True,train_mean,0.014581518864279986,0.010583053150255003,0.0,-0.4361803954029757,252
5,2015,True,past_vol,0.01589701981109243,0.012160003622751216,-0.18857311597636306,-0.7070054076682801,252
5,2015,True,h1_xgb_bilstm,0.012181394334113301,0.00911947253811157,0.3021075876686494,-0.0022994006907754994,252
5,2015,True,h2_harx_xgb,0.012427007210305558,0.008954825478578857,0.2736807200204593,-0.0431255107098214,252
5,2015,True,h3_harx_resid,0.013043641994438544,0.009217768357686645,0.1998116713517003,-0.14921479023496143,252
5,2016,True,har_x,0.010453507477958493,0.007936080100345357,0.5091869888330929,0.38378882725958274,250
5,2016,True,har_x_log,0.01062257582357714,0.008019510992228767,0.493182411547505,0.36369522926200837,250
5,2016,True,har,0.012907492556977316,0.010268590581108215,0.2516999656246185,0.060516263316129026,250
5,2016,True,xgboost,0.01143261083923649,0.0089327916967135,0.4129395275811083,0.26295103440978274,250
5,2016,True,bilstm,0.014747686179699992,0.011216630883772297,0.023123249235817878,-0.22645967917614995,250
5,2016,True,train_mean,0.014921208558972596,0.010746515786738563,0.0,-0.2554907036294254,250
5,2016,True,past_vol,0.014853764839260918,0.011474626737650965,0.00901955052264014,-0.24416674179733477,250
5,2016,True,h1_xgb_bilstm,0.012390113854424399,0.009512373338071483,0.31048678686752285,0.1343225708825202,250
5,2016,True,h2_harx_xgb,0.010794871603119713,0.008336528946900994,0.4766081439094362,0.3428863903229471,250
5,2016,True,h3_harx_resid,0.011455528886776433,0.009360848513045384,0.4105835014085153,0.2599930654525846,250
5,2017,True,har_x,0.005981494539525894,0.004867336737184465,0.45372198428548227,-0.023685695223754744,251
5,2017,True,har_x_log,0.0059186472572192944,0.004840572497978406,0.4651411122722764,-0.0022870710145768136,251
5,2017,True,har,0.006456839073245677,0.005436143387865713,0.36344750187896424,-0.19285357975304063,251
5,2017,True,xgboost,0.006652222408297049,0.005437481406327032,0.32434059918625935,-0.26613710154856274,251
5,2017,True,bilstm,0.008391296559353448,0.006509522373793084,-0.07510886220853896,-1.0146766507007352,251
5,2017,True,train_mean,0.00809287530798375,0.0069593781285238205,0.0,-0.8739280472138349,251
5,2017,True,past_vol,0.009007097860357987,0.007264337474907324,-0.2386940873829655,-1.3212235922648836,251
5,2017,True,h1_xgb_bilstm,0.006971188698354332,0.0056634771298977905,0.25799303987009736,-0.39046765381530224,251
5,2017,True,h2_harx_xgb,0.006115367276887049,0.004962856835605184,0.42899568250648246,-0.07002100563129598,251
5,2017,True,h3_harx_resid,0.007517646446957839,0.0063102546173855875,0.13710471448129624,-0.617003677342089,251
5,2018,True,har_x,0.008372043970697136,0.005957040219408108,0.31542026463450956,0.28981912360026163,251
5,2018,True,har_x_log,0.008393773086511023,0.005962692731326808,0.3118620854427757,0.2861278796351978,251
5,2018,True,har,0.008737422243648766,0.0060504351737088865,0.2543625960675855,0.22647808919083334,251
5,2018,True,xgboost,0.00975770926913325,0.007001272861995916,0.07005602231093655,0.03527902600669075,251
5,2018,True,bilstm,0.010169678168002651,0.007191838402392396,-0.01012578355578131,-0.04790132862553875,251
5,2018,True,train_mean,0.010118577934635158,0.007744789862372331,0.0,-0.03739687243382939,251
5,2018,True,past_vol,0.010840181904204509,0.007424736365524031,-0.14771531766607304,-0.19063628099118302,251
5,2018,True,h1_xgb_bilstm,0.00967623354095608,0.006915163807704084,0.08552103244406162,0.05132237915095217,251
5,2018,True,h2_harx_xgb,0.008936224286818433,0.006361773835518244,0.22004569628767778,0.19087784468753188,251
5,2018,True,h3_harx_resid,0.009038692514147162,0.0064635407067625385,0.20205627676350024,0.17221567713625008,251
5,2019,True,har_x,0.011129797167914885,0.0074071251514375895,0.01845536495490885,0.001775269639896826,252
5,2019,True,har_x_log,0.01107719853817499,0.007318003739500241,0.027710862994384966,0.01118805302735848,252
5,2019,True,har,0.012165497382339695,0.00840834277212589,-0.172722596535402,-0.1926515167188232,252
5,2019,True,xgboost,0.01197588855340584,0.008150832446996745,-0.13645186548382782,-0.15576441099666893,252
5,2019,True,bilstm,0.012182817856553249,0.008396831839852159,-0.1760642718341623,-0.19604997951405068,252
5,2019,True,train_mean,0.011233943179415394,0.007957518533414594,0.0,-0.016993720631202525,252
5,2019,True,past_vol,0.01502867320494854,0.0094406128351024,-0.7896859803032383,-0.8200994038700915,252
5,2019,True,h1_xgb_bilstm,0.011819510729553888,0.008043312185762654,-0.10696669006055037,-0.12577817273948644,252
5,2019,True,h2_harx_xgb,0.011441842670046404,0.00770643821061243,-0.037355222393038234,-0.054983747237704605,252
5,2019,True,h3_harx_resid,0.012066128436680179,0.008648319376593574,-0.1536430174251202,-0.17324770457138028,252
5,2020,True,har_x,0.027814673706533382,0.01654891257589241,0.24236096253525086,0.07484839154604261,253
5,2020,True,har_x_log,0.029985226074996076,0.01728483876112527,0.11950060967840292,-0.07517615502574371,253
5,2020,True,har,0.024276018534526503,0.014405558397246785,0.42287574724595345,0.2952746567813481,253
5,2020,True,xgboost,0.02475616822652604,0.01533663560098234,0.39982036528512876,0.2671217730862946,253
5,2020,True,bilstm,0.025000695208392647,0.014567568801570186,0.38790536142134335,0.25257238420289907,253
5,2020,True,train_mean,0.031955292543846735,0.018106729812534667,0.0,-0.22109812550016872,253
5,2020,True,past_vol,0.030542587124491902,0.018106895368540828,0.08646319889243193,-0.11551807540787196,253
5,2020,True,h1_xgb_bilstm,0.02389491806824529,0.013959296725998762,0.44085364785540393,0.3172274375159765,253
5,2020,True,h2_harx_xgb,0.024926683604512605,0.015571909414372226,0.391524064804178,0.25699117612041955,253
5,2020,True,h3_harx_resid,0.028023892374216187,0.017407958910263588,0.23092035483638917,0.06087828693037978,253
5,2021,True,har_x,0.010865856253651772,0.007873811911719994,-0.014442982987442177,-0.046425395121601154,252
5,2021,True,har_x_log,0.010872692217015784,0.007891862903174056,-0.015719803938092802,-0.04774247049221425,252
5,2021,True,har,0.011401264529863672,0.008357592117647944,-0.11687810207471272,-0.15208999309590854,252
5,2021,True,xgboost,0.011243565232247364,0.0078646819243469,-0.08619505044781106,-0.1204395948372865,252
5,2021,True,bilstm,0.016112644745253212,0.011035897675450861,-1.230660080332937,-1.300986250671588,252
5,2021,True,train_mean,0.010788228443175523,0.008234382188129826,0.0,-0.03152706723839094,252
5,2021,True,past_vol,0.013363006751929885,0.009740809145070075,-0.5342923066006109,-0.5826640433141543,252
5,2021,True,h1_xgb_bilstm,0.013026443225440993,0.009058384946960592,-0.4579795538415068,-0.5039453732676671,252
5,2021,True,h2_harx_xgb,0.010936933087556324,0.007741346579490903,-0.02775794293478384,-0.06016013670647902,252
5,2021,True,h3_harx_resid,0.011609601414634638,0.008571665082275432,-0.15806877243332518,-0.19457928448851147,252
5,2022,True,har_x,0.01127627982210255,0.007686062357631352,0.41397413326633814,0.2052948178409767,251
5,2022,True,har_x_log,0.01068414845163675,0.007717151183962888,0.47390409117950627,0.2865653740121983,251
5,2022,True,har,0.012042897002901278,0.008353439476531341,0.331583685946515,0.09356576429184182,251
5,2022,True,xgboost,0.01455704561627258,0.009973301418995814,0.023366577010575207,-0.324405092637559,251
5,2022,True,bilstm,0.022937628130980596,0.017046867490768374,-1.4248345548324748,-2.288299537602895,251
5,2022,True,train_mean,0.014730159567877278,0.010164447894684918,0.0,-0.3560923284640649,251
5,2022,True,past_vol,0.01439918275288987,0.011011710080505797,0.044433789037354954,-0.29583600802591725,251
5,2022,True,h1_xgb_bilstm,0.015139345338900876,0.010929120313172457,-0.056329207922621416,-0.4324799351963893,251
5,2022,True,h2_harx_xgb,0.012574041904518591,0.008481158248784312,0.27132326487005287,0.011847069560037227,251
5,2022,True,h3_harx_resid,0.012572029820892457,0.008719016552694045,0.27155645022638253,0.012163290432866014,251
5,2023,True,har_x,0.006907925453299202,0.005633645466743683,0.17138007196829785,0.13946875454472973,250
5,2023,True,har_x_log,0.006870710928826756,0.005539620007996531,0.1802839418032237,0.14871552491461548,250
5,2023,True,har,0.0072924335932877124,0.005977263678847799,0.07656771285279385,0.04100503829303048,250
5,2023,True,xgboost,0.007302809748485729,0.005669484672724709,0.07393800266777795,0.03827405427473207,250
5,2023,True,bilstm,0.0087598662234132,0.006606472734490331,-0.33246262774295277,-0.383777635300097,250
5,2023,True,train_mean,0.0075887449238719725,0.006510960329916202,0.0,-0.03851140473940817,250
5,2023,True,past_vol,0.009478288391488975,0.007384300615376575,-0.5599832187136631,-0.6200603638362296,250
5,2023,True,h1_xgb_bilstm,0.007521626352248648,0.0057785957695731275,0.01761075317637062,-0.02022243671969637,250
5,2023,True,h2_harx_xgb,0.00689889827294083,0.005573980062762814,0.17354431480600263,0.14171634541431166,250
5,2023,True,h3_harx_resid,0.007083028667196958,0.005578505556170523,0.12883967492351844,0.09529006705158372,250
5,2024,True,har_x,0.00634428928537574,0.005404981995475708,0.39981220907613013,0.12222206696165983,252
5,2024,True,har_x_log,0.006052568138052351,0.0050344530088001,0.4537385211717643,0.20108959389822545,252
5,2024,True,har,0.006308050944628151,0.005145888841631796,0.4066491270219681,0.13222109692128725,252
5,2024,True,xgboost,0.006268930387576171,0.00505796590456379,0.41398585890032236,0.14295110749601936,252
5,2024,True,bilstm,0.007409595045496071,0.005613153225757706,0.1813276022979151,-0.19731286766816236,252
5,2024,True,train_mean,0.008189160807126162,0.007022917351369047,0.0,-0.46250547963859034,252
5,2024,True,past_vol,0.00772115590927611,0.005833704896249664,0.11103257826479518,-0.30011972550792665,252
5,2024,True,h1_xgb_bilstm,0.006389802306963626,0.0049728623458116334,0.3911699985852948,0.1095827867626229,252
5,2024,True,h2_harx_xgb,0.0061127070659343155,0.005081187722403595,0.44282917253410914,0.18513461173636703,252
5,2024,True,h3_harx_resid,0.006261964180507421,0.005332149370069301,0.4152875251880025,0.14485480157441244,252
5,2025,True,har_x,0.008431709789558182,0.006498409551155192,0.04999672523365406,-0.13014603596556507,250
5,2025,True,har_x_log,0.008149119070861029,0.006233828875220584,0.11260877657487534,-0.05566128048474073,250
5,2025,True,har,0.009005245620408685,0.006655724959664476,-0.08363975053494466,-0.28912310200508573,250
5,2025,True,xgboost,0.008365716919309691,0.006322757069358462,0.06480940297217586,-0.11252452931092427,250
5,2025,True,bilstm,0.013900295898453137,0.010764310807226701,-1.581914714132485,-2.0715059167513536,250
5,2025,True,train_mean,0.008650736805089406,0.0071488650636528,0.0,-0.18962330550231576,250
5,2025,True,past_vol,0.011054044283834493,0.007953181404398638,-0.6328120703149251,-0.9424312923521208,250
5,2025,True,h1_xgb_bilstm,0.009878699197365533,0.008092083275800537,-0.30404724232054603,-0.5513249909405473,250
5,2025,True,h2_harx_xgb,0.00831319396510425,0.006331700494918273,0.07651546000446174,-0.09859873104977779,250
5,2025,True,h3_harx_resid,0.009330120366885674,0.007555602743589752,-0.16323723425969017,-0.3838141237033843,250
5,2026,True,har_x,0.017255440426517617,0.012913162509936248,0.5775367252125583,0.3072947386265429,162
5,2026,True,har_x_log,0.0168346000536058,0.01280787429850937,0.5978922253523877,0.3406712778105524,162
5,2026,True,har,0.02001775054999194,0.014251419926621017,0.43145164160580396,0.0677617139547656,162
5,2026,True,xgboost,0.018799303631771267,0.014022625166384398,0.4985583676852301,0.17779537842454585,162
5,2026,True,bilstm,0.018969475359719327,0.013930949199344672,0.48943915767023205,0.16284277749103993,162
5,2026,True,train_mean,0.02654798527344755,0.01796386805766896,0.0,-0.6396816071692504,162
5,2026,True,past_vol,0.02403768442349741,0.01808546116440985,0.18017317882628425,-0.3442549597425759,162
5,2026,True,h1_xgb_bilstm,0.017771390259956173,0.013268011795158591,0.5518951215240828,0.2652506726802265,162
5,2026,True,h2_harx_xgb,0.01785299154209462,0.01332957295323818,0.5477705277385532,0.2584876521130489,162
5,2026,True,h3_harx_resid,0.017165895019045623,0.013188507358150784,0.5819100113808788,0.31446553551962575,162
22,2012,True,har_x,0.004731265537116709,0.003873852879052717,0.8185980358134973,-0.2032110657307269,243
22,2012,True,har_x_log,0.005020392264881181,0.0041563403533226235,0.7957497284132936,-0.35476034150856783,243
22,2012,True,har,0.005783844114254205,0.00479021562570516,0.7289056303180801,-0.798126866604526,243
22,2012,True,xgboost,0.006270998699338861,0.005261468753228139,0.6813156324357942,-1.1137839341939229,243
22,2012,True,bilstm,0.007677625386192052,0.006268581612713211,0.5223154721772352,-2.1684073123584895,243
22,2012,True,train_mean,0.011108523303578857,0.01025722530213452,0.0,-5.63284474965047,243
22,2012,True,past_vol,0.005826012711851831,0.004793439435189349,0.7249382543249034,-0.8244418556307573,243
22,2012,True,h1_xgb_bilstm,0.006789897046322705,0.005690222349074054,0.6263941072526873,-1.47806988414749,243
22,2012,True,h2_harx_xgb,0.005169653569637761,0.0043765906711957505,0.783424053468484,-0.4365146298521472,243
22,2012,True,h3_harx_resid,0.007185167364316862,0.006360762727054934,0.5816294400151194,-1.7749869722040423,243
22,2013,True,har_x,0.0029589599398144955,0.00241906209683277,0.9341924231568325,-1.0659291077282136,243
22,2013,True,har_x_log,0.0028465432272888175,0.0022857097707462263,0.9390977559402909,-0.9119336216979119,243
22,2013,True,har,0.003693783518667784,0.003016186625275536,0.8974488329660147,-2.219438416824264,243
22,2013,True,xgboost,0.004866058641522203,0.003785271527645567,0.8220277031301877,-4.587170446175858,243
22,2013,True,bilstm,0.0041695090350454414,0.003232701492348412,0.8693325044702968,-3.1021079243216025,243
22,2013,True,train_mean,0.011534562740942734,0.011349366503095544,0.0,-30.393483954769106,243
22,2013,True,past_vol,0.003138258774660691,0.002686064508763507,0.9259755426759331,-1.3238856132635854,243
22,2013,True,h1_xgb_bilstm,0.004383570063225113,0.003427951679570182,0.8555712563907633,-3.5341214451040344,243
22,2013,True,h2_harx_xgb,0.0034668293462786844,0.002703894051054559,0.9096636254851808,-1.8359735238629904,243
22,2013,True,h3_harx_resid,0.003982320432363612,0.00327253886637608,0.8808016804610251,-2.7420505318822497,243
22,2014,True,har_x,0.004498254103958374,0.0031069350627871846,0.7993120710590308,0.5584573882405951,250
22,2014,True,har_x_log,0.004076883119500668,0.0025567422522028488,0.8351496767573754,0.6373053294334372,250
22,2014,True,har,0.004621110541845584,0.0032091919927571748,0.7881999802374245,0.5340091733959298,250
22,2014,True,xgboost,0.00434295892643515,0.002917232699713409,0.812929750479565,0.5884182621664682,250
22,2014,True,bilstm,0.0056462246461780234,0.0047055626086362394,0.6838089387127078,0.30433370979260643,250
22,2014,True,train_mean,0.010041147790418002,0.009594708645634106,0.0,-1.2001453405265905,250
22,2014,True,past_vol,0.004567191109653765,0.0028476341526587124,0.7931137390555338,0.5448201569640645,250
22,2014,True,h1_xgb_bilstm,0.0046567625539663884,0.003439584781312699,0.7849192860072425,0.5267911692717022,250
22,2014,True,h2_harx_xgb,0.004195821203908217,0.0026010199019160588,0.8253907575312459,0.6158342887694931,250
22,2014,True,h3_harx_resid,0.004272533582800061,0.002871587767054004,0.8189476144332023,0.6016584375039864,250
22,2015,True,har_x,0.008300764004686847,0.005948371537525333,0.5064350020083823,-0.16545863467796829,252
22,2015,True,har_x_log,0.008273149424158703,0.005788962894375648,0.5097134759522108,-0.15771715020895272,252
22,2015,True,har,0.010494420361423423,0.007997438438786532,0.2110942306043273,-0.862848955316454,252
22,2015,True,xgboost,0.010830016238780667,0.008221649223506636,0.15983142131064265,-0.9838962013170494,252
22,2015,True,bilstm,0.008802456337001252,0.006777512103341683,0.4449706122630346,-0.3105949471097993,252
22,2015,True,train_mean,0.011815330930741894,0.009158065081244202,0.0,-1.3613073038411883,252
22,2015,True,past_vol,0.011173354950237498,0.00870399272585369,0.10571610293128475,-1.1116790978559186,252
22,2015,True,h1_xgb_bilstm,0.00957522610813653,0.007362701326897856,0.34324060209859697,-0.5508107631309238,252
22,2015,True,h2_harx_xgb,0.009400967651976497,0.006963200840443121,0.36692766361951656,-0.49487833175504115,252
22,2015,True,h3_harx_resid,0.00969778501736953,0.00706079296191126,0.3263205117007262,-0.5907642961690693,252
22,2016,True,har_x,0.0070106209330548655,0.005173397856706987,0.5812783354178648,0.34790911554671633,250
22,2016,True,har_x_log,0.007223120087044538,0.005301643510954485,0.5555098598922434,0.30777890634609073,250
22,2016,True,har,0.009963260960005561,0.007673676262224852,0.15430167106007164,-0.31703758832121975,250
22,2016,True,xgboost,0.008530396534311884,0.006556364089143529,0.3800582274030043,0.034541527232075375,250
22,2016,True,bilstm,0.007897333893762775,0.005671327769942657,0.46865883777941963,0.17252256635770769,250
22,2016,True,train_mean,0.01083412318838079,0.0076815200978936635,0.0,-0.5573373427048258,250
22,2016,True,past_vol,0.011284450798706998,0.00874457959950952,-0.08485904898697849,-0.6894915085586655,250
22,2016,True,h1_xgb_bilstm,0.007949265740282761,0.005878571666527852,0.46164779992952054,0.16160401530294277,250
22,2016,True,h2_harx_xgb,0.007532571210750143,0.005660577657325858,0.5166085624582266,0.24719646317242894,250
22,2016,True,h3_harx_resid,0.006460233879758574,0.004903881965815762,0.644443237334893,0.4462781760503919,250
22,2017,True,har_x,0.0023700029708438124,0.0017668791458137253,0.8714749328694165,0.2372533659701691,251
22,2017,True,har_x_log,0.0023555374687512375,0.0017355861278972409,0.8730390708260212,0.24653592063591712,251
22,2017,True,har,0.0037581290780777724,0.0030039348393883954,0.6768282101951322,-0.9178997559799962,251
22,2017,True,xgboost,0.004573665771371848,0.003305790637223996,0.5213490692293473,-1.840608407927335,251
22,2017,True,bilstm,0.009049700118498129,0.008191370132258066,-0.8739518805991471,-10.121180647263364,251
22,2017,True,train_mean,0.0066108144958144125,0.006028167676798528,0.0,-4.934613776586226,251
22,2017,True,past_vol,0.0033039774945141293,0.002503088122214057,0.7502162281477083,-0.48237021360228116,251
22,2017,True,h1_xgb_bilstm,0.006384946688125491,0.005586068496549308,0.06716547911329929,-4.5360125989294255,251
22,2017,True,h2_harx_xgb,0.00307857149345751,0.002152941225163452,0.7831354597668877,-0.28700728812046594,251
22,2017,True,h3_harx_resid,0.004674983317278826,0.003785882829407339,0.4999076749889084,-1.9678548015758608,251
22,2018,True,har_x,0.005817393951743794,0.004229146749106346,0.3626765484368708,0.331589498583716,251
22,2018,True,har_x_log,0.005685348067331496,0.004151449013804995,0.39128070844371365,0.3615888982384322,251
22,2018,True,har,0.0058930537878866965,0.004328589949262761,0.34599094774745875,0.3140900158706794,251
22,2018,True,xgboost,0.0067035063659797315,0.00506688205798331,0.1537337878530296,0.11245503079249886,251
22,2018,True,bilstm,0.006958436778513422,0.0056029100052655415,0.08814387229467424,0.04366580259340225,251
22,2018,True,train_mean,0.007286995902332159,0.006262183383014885,0.0,-0.048777508150546156,251
22,2018,True,past_vol,0.006539995325938216,0.00505334502386939,0.19451431747280667,0.1552247330281883,251
22,2018,True,h1_xgb_bilstm,0.006626984285870502,0.005162174644620065,0.17294416322326867,0.13260244040393476,251
22,2018,True,h2_harx_xgb,0.006118885956415703,0.004526640744632598,0.2949049477326462,0.26051216807376554,251
22,2018,True,h3_harx_resid,0.0069470111238762585,0.004878983263019465,0.09113592351735544,0.04680379861898454,251
22,2019,True,har_x,0.007887192043413363,0.006246980621673738,-0.0831438739745387,-0.11104766394978127,252
22,2019,True,har_x_log,0.007858249845636319,0.006210149013784611,-0.07520922575503608,-0.10290860451329786,252
22,2019,True,har,0.008710140873300375,0.00664809212835852,-0.3209661078924242,-0.3549966385769474,252
22,2019,True,xgboost,0.009092416154760292,0.006851321262079375,-0.43946107894128184,-0.4765442592919449,252
22,2019,True,bilstm,0.009536037327349464,0.007713118245304206,-0.5833510031636031,-0.6241410541540087,252
22,2019,True,train_mean,0.00757843171182788,0.0062265856150595525,0.0,-0.02576184996814046,252
22,2019,True,past_vol,0.010255124362707877,0.007658927656852282,-0.8311468724655147,-0.8783206034636011,252
22,2019,True,h1_xgb_bilstm,0.009021293103955958,0.007115907430990407,-0.41702953912797724,-0.45353484151541523,252
22,2019,True,h2_harx_xgb,0.008352560012302144,0.006502220337370413,-0.2147321504725277,-0.2460258978844776,252
22,2019,True,h3_harx_resid,0.008899202111225942,0.007204171120934397,-0.37893392767348044,-0.41445781663418324,252
22,2020,True,har_x,0.025202736804509202,0.015679457807128476,0.3338938919514042,0.08012137391199914,253
22,2020,True,har_x_log,0.025055598396061977,0.01553517301959332,0.3416488983521121,0.09083087581716176,253
22,2020,True,har,0.02239176812950696,0.01481267654017874,0.4741949117033025,0.2738741525289251,253
22,2020,True,xgboost,0.023196319960235145,0.01516335974008625,0.435731003091147,0.22075629790996887,253
22,2020,True,bilstm,0.023355191499418098,0.014860644839920976,0.42797517994355916,0.21004566809441994,253
22,2020,True,train_mean,0.030879907875410586,0.019065330595726942,0.0,-0.3809791187515894,253
22,2020,True,past_vol,0.02495142739882379,0.016894887710707483,0.3471118311111131,0.09837507188448613,253
22,2020,True,h1_xgb_bilstm,0.0230468666065999,0.014849452895886099,0.4429787234073256,0.2307652483251631,253
22,2020,True,h2_harx_xgb,0.022793665780571005,0.014977548207147286,0.4551507468174081,0.2475745584874426,253
22,2020,True,h3_harx_resid,0.02470673039829187,0.014749935410137688,0.35985470127080643,0.11597270948798533,253
22,2021,True,har_x,0.008429737859752914,0.007261916025704736,-0.27605200716000255,-0.3593007123353811,252
22,2021,True,har_x_log,0.008524503471686564,0.007358911346978652,-0.3049035716506705,-0.3900345319164802,252
22,2021,True,har,0.009550183142321485,0.007993416006965893,-0.6378104433007921,-0.7446600058283852,252
22,2021,True,xgboost,0.009356344395379983,0.007794636042859803,-0.5720003356585632,-0.674556494611751,252
22,2021,True,bilstm,0.008576416086631303,0.006538408243944622,-0.3208451972695767,-0.4070161776001786,252
22,2021,True,train_mean,0.0074624233282034914,0.006388441352278758,0.0,-0.06523927293579335,252
22,2021,True,past_vol,0.01148033066408873,0.009360445962208749,-1.3667317125099556,-1.52113556866819,252
22,2021,True,h1_xgb_bilstm,0.008490299842084924,0.006842451265798047,-0.29445301644560296,-0.3789021900880585,252
22,2021,True,h2_harx_xgb,0.008789551711957354,0.0074709992788621485,-0.387310544015641,-0.47781767524338137,252
22,2021,True,h3_harx_resid,0.01003762121645237,0.008398850584626234,-0.809263583134501,-0.9272986238474044,252
22,2022,True,har_x,0.008965957975670631,0.005464230060234582,0.4334449908933704,0.03467984938696034,251
22,2022,True,har_x_log,0.00835067008559299,0.005472593287102629,0.5085364221630763,0.1626237746508502,251
22,2022,True,har,0.010423307425389576,0.0064094886385463925,0.2342980028597016,-0.30463512866950127,251
22,2022,True,xgboost,0.014896780520250315,0.011399227440642487,-0.5639883874795046,-1.6647889110351426,251
22,2022,True,bilstm,0.02689012527796019,0.02352166110013471,-4.096057702409659,-7.682876525228961,251
22,2022,True,train_mean,0.011911752389629448,0.008437310196209559,0.0,-0.7038418778349551,251
22,2022,True,past_vol,0.012302746530422546,0.00833971460132942,-0.06672589712481125,-0.8175322556923155,251
22,2022,True,h1_xgb_bilstm,0.019796151385655908,0.01725867820666554,-1.7619144252806507,-3.705865460789634,251
22,2022,True,h2_harx_xgb,0.010901940357988369,0.007466735778957367,0.16236215794042008,-0.4272024337604141,251
22,2022,True,h3_harx_resid,0.013588428354634212,0.011608528930530467,-0.30132910610792574,-1.2172590278322115,251
22,2023,True,har_x,0.004600783100960473,0.003822853041272675,0.14090860223396906,0.013400536760577397,250
22,2023,True,har_x_log,0.004622211416759137,0.0038218035232138307,0.13288746696769826,0.004188888536823754,250
22,2023,True,har,0.005374496377829758,0.004344913122462139,-0.17233410821425976,-0.3463342839994963,250
22,2023,True,xgboost,0.005627189855903048,0.0046375601583829125,-0.28516529065757745,-0.4759120964705783,250
22,2023,True,bilstm,0.0060177049203621645,0.004498447194505638,-0.4697302332797373,-0.6878705374436187,250
22,2023,True,train_mean,0.004963774849161732,0.00379543486838029,0.0,-0.148422002367806,250
22,2023,True,past_vol,0.006250023812707341,0.0048317956532559925,-0.5854012476665602,-0.8207096754016492,250
22,2023,True,h1_xgb_bilstm,0.005298735638209852,0.004256003874722277,-0.13951581372769062,-0.3086450325309342,250
22,2023,True,h2_harx_xgb,0.004942944817936612,0.004099261833739147,0.008375208863333539,-0.13880372823472786,250
22,2023,True,h3_harx_resid,0.005729644628961854,0.004529778101448374,-0.3323895704898969,-0.5301454984759886,250
22,2024,True,har_x,0.004813127194959163,0.004238707470889486,0.5007706764245157,-0.0713659897707819,252
22,2024,True,har_x_log,0.004839826803913673,0.004210519938526464,0.49521661668711414,-0.0832852229303851,252
22,2024,True,har,0.004658226238440622,0.0038578647467596297,0.5323870134111119,-0.003516072770764822,252
22,2024,True,xgboost,0.005563752843167501,0.004500959291437241,0.33291516515546915,-0.4315905949307215,252
22,2024,True,bilstm,0.008970087334453886,0.007274624811446777,-0.7339587122921005,-2.7211443805255735,252
22,2024,True,train_mean,0.006812041660988867,0.0060142888305011405,0.0,-1.1460397840768852,252
22,2024,True,past_vol,0.0048851845145922905,0.003951159707792074,0.48571086093060634,-0.10368495296156888,252
22,2024,True,h1_xgb_bilstm,0.006601599606642908,0.005540585374596788,0.060830954284568084,-1.01549413607884,252
22,2024,True,h2_harx_xgb,0.004831085040060936,0.004206251935704631,0.4970384636970323,-0.07937546676659912,252
22,2024,True,h3_harx_resid,0.005419141840503991,0.004546379446560207,0.3671417498957923,-0.3581389824049095,252
22,2025,True,har_x,0.006119343969395639,0.005024225619144889,-0.06242175448306009,-0.4110149781033381,250
22,2025,True,har_x_log,0.006141613920572514,0.004978183045051923,-0.07016870691553656,-0.4213037978406533,250
22,2025,True,har,0.006607806212993803,0.005145514262251593,-0.23880177645711043,-0.6452673847332033,250
22,2025,True,xgboost,0.006502056943908374,0.00498377085672651,-0.1994682616460859,-0.5930280755270307,250
22,2025,True,bilstm,0.007717846073117137,0.005283510043139626,-0.6899717652846984,-1.244471617158014,250
22,2025,True,train_mean,0.005936854265146347,0.0054139579005133154,0.0,-0.32811190297010806,250
22,2025,True,past_vol,0.00772192087225592,0.005919613755577617,-0.6917567486364664,-1.2468422747941004,250
22,2025,True,h1_xgb_bilstm,0.006390527776101361,0.004764653864516816,-0.15867244049687423,-0.5388466598673232,250
22,2025,True,h2_harx_xgb,0.006032283457194935,0.004897115254954518,-0.03240644076774002,-0.37115128268663944,250
22,2025,True,h3_harx_resid,0.006545123695312736,0.00517678747970126,-0.2154103793864386,-0.6142009918565441,250
22,2026,True,har_x,0.013329823682442921,0.010400553531952097,0.6861809898585067,0.026907582229836913,145
22,2026,True,har_x_log,0.012548308964855539,0.009879829530707592,0.7219000920430965,0.1376656509960038,145
22,2026,True,har,0.017069833623864515,0.013538291286127508,0.48537721032271375,-0.5957463329608654,145
22,2026,True,xgboost,0.01584388299791199,0.012993757252287092,0.5566428756095112,-0.3747652059518245,145
22,2026,True,bilstm,0.016412846207597833,0.01368411069965341,0.5242287021641232,-0.47527532608053336,145
22,2026,True,train_mean,0.023794949136968526,0.019585763936552338,0.0,-2.1008077468965936,145
22,2026,True,past_vol,0.018709494484544845,0.01612849211713198,0.3817636375443244,-0.9170321021157293,145
22,2026,True,h1_xgb_bilstm,0.015831301460396147,0.012735630898379615,0.557346730784373,-0.3725826863729196,145
22,2026,True,h2_harx_xgb,0.01442895148917293,0.011581671106535149,0.6322946193398356,-0.1401836929265987,145
22,2026,True,h3_harx_resid,0.014121046455448956,0.01144165523989249,0.6478203950753971,-0.09204124724919005,145
66,2012,True,har_x,0.0054112805323312555,0.004719485989226821,0.7572279821079214,-1.9161827837220526,243
66,2012,True,har_x_log,0.005416388199279276,0.004749076343835164,0.7567694644550459,-1.9216905077874449,243
66,2012,True,har,0.006009529379797805,0.0048307471643812576,0.7005809314146889,-2.5966283944417747,243
66,2012,True,xgboost,0.005585617885946937,0.004979006958738274,0.7413330311526769,-2.1071132819164355,243
66,2012,True,bilstm,0.006134970759680128,0.0054940912440545895,0.6879504763965247,-2.74834569610757,243
66,2012,True,train_mean,0.010982487944194316,0.010515410000033181,0.0,-11.012021850963098,243
66,2012,True,past_vol,0.00473270534706977,0.004197101090868916,0.814297622966761,-1.230661010699055,243
66,2012,True,h1_xgb_bilstm,0.005823664489160466,0.005211585272397055,0.7188155998109909,-2.37759315922033,243
66,2012,True,h2_harx_xgb,0.005370505168514942,0.004719926308447806,0.760872894295298,-1.872400018882443,243
66,2012,True,h3_harx_resid,0.005352329343039003,0.004541278102110309,0.762488748888187,-1.8529903382046817,243
66,2013,True,har_x,0.0028361458065519493,0.002360395800498498,0.9412800125276867,-7.304277901859571,243
66,2013,True,har_x_log,0.0027758823940235637,0.0023471413866572484,0.9437489063404401,-6.955122848974845,243
66,2013,True,har,0.004629743715282159,0.004125580323156873,0.8435257972461847,-21.128840963262736,243
66,2013,True,xgboost,0.003832609793532085,0.0033226655071568493,0.892769567939328,-14.164705336290348,243
66,2013,True,bilstm,0.0025890946064699005,0.002240775856377261,0.9510644261113801,-5.920549924328394,243
66,2013,True,train_mean,0.011704034063242576,0.011662580732177717,0.0,-140.42165656583398,243
66,2013,True,past_vol,0.0021013817206708097,0.001690352732890006,0.9677641782165926,-3.5588433173704743,243
66,2013,True,h1_xgb_bilstm,0.0031490369710637325,0.0027351032499901623,0.9276090352007205,-9.23765016231308,243
66,2013,True,h2_harx_xgb,0.0032273906016560125,0.0028300102929282706,0.9239617863035642,-9.753450143256837,243
66,2013,True,h3_harx_resid,0.003408128948322907,0.002807850330519829,0.9152068279591883,-10.99159085548336,243
66,2014,True,har_x,0.006497230578498936,0.0045843392647140924,0.5975354089921319,0.46855859018796164,250
66,2014,True,har_x_log,0.006439007420762656,0.004653329700561176,0.6047162427170085,0.47804064769969856,250
66,2014,True,har,0.00643876532082946,0.005046325814398131,0.604745966668513,0.47807989721144617,250
66,2014,True,xgboost,0.007858675144594993,0.005731624315785608,0.41119730238999475,0.2225051775725655,250
66,2014,True,bilstm,0.007085966826991325,0.005295058222804581,0.5212934746501474,0.3678835942286055,250
66,2014,True,train_mean,0.010241520558066083,0.009470429588538042,0.0,-0.3204674937518881,250
66,2014,True,past_vol,0.00851922555934348,0.006087815267991646,0.3080553563806432,0.08630959062490462,250
66,2014,True,h1_xgb_bilstm,0.00742824178111789,0.005511220066084526,0.47393043141719116,0.30534223523432147,250
66,2014,True,h2_harx_xgb,0.007148739286161667,0.0051444463213081194,0.5127744717540763,0.35663452782516547,250
66,2014,True,h3_harx_resid,0.006636555658790351,0.0046414251125598,0.5800896301244554,0.44552200629001126,250
66,2015,True,har_x,0.008341397338238056,0.007138039837154583,0.4791300125547361,-1.4180764860468518,252
66,2015,True,har_x_log,0.008339545989299682,0.007036647412654716,0.47936119806144517,-1.417003235041491,252
66,2015,True,har,0.010195909884653435,0.008922259610295899,0.2217776619330606,-2.6128039279549027,252
66,2015,True,xgboost,0.008020367101123669,0.00740757821759002,0.518451305646142,-1.2355320958591243,252
66,2015,True,bilstm,0.008225477269772267,0.007431785612979414,0.49350643844877107,-1.351335651969876,252
66,2015,True,train_mean,0.011557772509621858,0.010237559217858615,0.0,-3.642380141552997,252
66,2015,True,past_vol,0.00850788139166057,0.007680419773695783,0.4581306712722196,-1.5155634110025002,252
66,2015,True,h1_xgb_bilstm,0.008007092830589698,0.007419681915284717,0.5200439803423079,-1.2281382944776893,252
66,2015,True,h2_harx_xgb,0.007965753045697138,0.007107312005831641,0.5249871125885673,-1.2051903955005843,252
66,2015,True,h3_harx_resid,0.010659509460702142,0.009217488999463555,0.1493984795641431,-2.948815606846208,252
66,2016,True,har_x,0.0047456758212012255,0.0035307561777561886,0.46868437110206895,0.07738855688575108,250
66,2016,True,har_x_log,0.004815883872329697,0.003604309046161749,0.4528474003942763,0.04988819814497403,250
66,2016,True,har,0.007002420450215182,0.005238224022857289,-0.1567854634522201,-1.0087184486234375,250
66,2016,True,xgboost,0.004813684913119356,0.00395980438928455,0.4533469521252037,0.05075565266412141,250
66,2016,True,bilstm,0.00699933048015232,0.005354446476490644,-0.15576477529769828,-1.0069460585035266,250
66,2016,True,train_mean,0.006510611373585797,0.005066989865610101,0.0,-0.7364658461637088,250
66,2016,True,past_vol,0.008170152773476116,0.006059485246528354,-0.574768829262494,-1.73453228761753,250
66,2016,True,h1_xgb_bilstm,0.005627231008269035,0.004538273920530067,0.2529564108765625,-0.2972156781084039,250
66,2016,True,h2_harx_xgb,0.0046323091285260225,0.003684323118481099,0.4937657531286239,0.12094152014944803,250
66,2016,True,h3_harx_resid,0.005028913432075768,0.0041367561773778426,0.40337042945262325,-0.036026872066840854,250
66,2017,True,har_x,0.0028044248931791303,0.0023456869277397267,0.8158258568936042,-1.1429547516451297,251
66,2017,True,har_x_log,0.0026760101091701243,0.0023719436073188728,0.8323063836293032,-0.9511958951509345,251
66,2017,True,har,0.0038545306481907915,0.003455066362429137,0.6520762805699758,-3.0482598435758668,251
66,2017,True,xgboost,0.006803817309977998,0.00546444699294782,-0.08404252394408274,-11.613356242571701,251
66,2017,True,bilstm,0.0071852191430645815,0.006576438381169187,-0.2089854317096138,-13.067127077958887,251
66,2017,True,train_mean,0.00653475762933188,0.006247638347730479,0.0,-10.635481047994688,251
66,2017,True,past_vol,0.00434458791257904,0.0034331921433559723,0.5579837759866633,-4.143071397413354,251
66,2017,True,h1_xgb_bilstm,0.006753119634255053,0.005891092968601425,-0.06794753597675007,-11.4260833151101,251
66,2017,True,h2_harx_xgb,0.004479403451015898,0.003724722313031828,0.5301260247439565,-4.467209734037618,251
66,2017,True,h3_harx_resid,0.01044361169317772,0.009693163863126903,-1.5541268508660533,-28.71849456742632,251
66,2018,True,har_x,0.006456940347564575,0.004729817855855823,-0.6236416519389509,-0.7094578773629647,251
66,2018,True,har_x_log,0.006283746074016167,0.004541939607062588,-0.5377080549299307,-0.6189823317511749,251
66,2018,True,har,0.006167009803769391,0.0045302775823670444,-0.48110522212472406,-0.5593878034238384,251
66,2018,True,xgboost,0.005503343404039477,0.003692173305125772,-0.1794780471819093,-0.2418183757012986,251
66,2018,True,bilstm,0.0052979074576911915,0.004219062545456171,-0.09306344692036395,-0.15083640381122,251
66,2018,True,train_mean,0.0050673591051139935,0.004583974184700407,0.0,-0.05285416601719484,251
66,2018,True,past_vol,0.0063718897265655884,0.004801752744445263,-0.5811502385563205,-0.6647206157631034,251
66,2018,True,h1_xgb_bilstm,0.005075276377441209,0.003729055698113564,-0.0031272531351318467,-0.05614670750870876,251
66,2018,True,h2_harx_xgb,0.005812408508920347,0.004043247347703732,-0.31567582650993287,-0.3852147750690986,251
66,2018,True,h3_harx_resid,0.006261765345623523,0.004452430972730818,-0.5269689747353679,-0.6076756464291366,251
66,2019,True,har_x,0.011767131107220906,0.007966069308710131,-0.35362659471322977,-0.42761178326245597,252
66,2019,True,har_x_log,0.011805484189873549,0.008072604171367197,-0.3624648336590013,-0.4369330939633187,252
66,2019,True,har,0.012236865199374534,0.008359482547447493,-0.46385494974789254,-0.5438648911075039,252
66,2019,True,xgboost,0.012961062056409739,0.010089276392992286,-0.6422484994544768,-0.7320088996648197,252
66,2019,True,bilstm,0.013190154011415873,0.010481956720657399,-0.7008163682731046,-0.7937779133445164,252
66,2019,True,train_mean,0.010113958170275161,0.006749440849448481,0.0,-0.0546570145992884,252
66,2019,True,past_vol,0.013363784370055849,0.010889943648205398,-0.7458889359171978,-0.8413140129763605,252
66,2019,True,h1_xgb_bilstm,0.012975686710047594,0.010280944168154522,-0.6459566624726873,-0.7359197398032533,252
66,2019,True,h2_harx_xgb,0.012189673217753577,0.008857255961601414,-0.4525858860562133,-0.5319798940371081,252
66,2019,True,h3_harx_resid,0.011765024339364681,0.008291070748818066,-0.3531419359320278,-0.42710063447917435,252
66,2020,True,har_x,0.02887878316618605,0.01945470758458694,-0.0886057631455901,-0.6446753664893017,253
66,2020,True,har_x_log,0.027753429986406543,0.018979824578461195,-0.005416893022075486,-0.5189928741764953,253
66,2020,True,har,0.025888821580858735,0.01739950845635228,0.12514230857307573,-0.3217428595232674,253
66,2020,True,xgboost,0.028095129923752477,0.02044341078848005,-0.030326663597103787,-0.556626779339066,253
66,2020,True,bilstm,0.028522739949941468,0.020921210806813105,-0.06192864076005211,-0.6043713303343445,253
66,2020,True,train_mean,0.027678565319284976,0.0172430818074245,0.0,-0.5108089835358907,253
66,2020,True,past_vol,0.035535446728380875,0.02671304589394073,-0.648300568236202,-1.4902673060585676,253
66,2020,True,h1_xgb_bilstm,0.0282119645831601,0.020657354867880343,-0.03891378621209762,-0.569600281328523,253
66,2020,True,h2_harx_xgb,0.027509337091913,0.01909442028650146,0.012190725221005283,-0.49239112635617843,253
66,2020,True,h3_harx_resid,0.0285402274123021,0.018935868236706167,-0.06323118953275642,-0.6063392327216397,253
66,2021,True,har_x,0.004784906530483683,0.003704062986013978,-0.14898121557609412,-0.1503050467545941,252
66,2021,True,har_x_log,0.004770357948670961,0.0036141512969634962,-0.1420048475276987,-0.14332064068659478,252
66,2021,True,har,0.005715014276186816,0.004590899742588948,-0.6390818853248637,-0.6409703998405858,252
66,2021,True,xgboost,0.005873859410592399,0.00464346181124178,-0.7314625658480323,-0.7334575193755586,252
66,2021,True,bilstm,0.007465563015158992,0.00612567792497968,-1.7969914744820503,-1.8002141072542157,252
66,2021,True,train_mean,0.004463926079710649,0.0032944285668037813,0.0,-0.001152178260665604,252
66,2021,True,past_vol,0.005546022349987139,0.004673262348094801,-0.5435803532974244,-0.5453588330240842,252
66,2021,True,h1_xgb_bilstm,0.005833888121836673,0.00472937892774055,-0.7079777309648039,-0.7099456257761225,252
66,2021,True,h2_harx_xgb,0.005171836805685523,0.004083783921391722,-0.3423186876137463,-0.3438652780245002,252
66,2021,True,h3_harx_resid,0.007006162097246309,0.005149328657293912,-1.4633514267908652,-1.4661896467531932,252
66,2022,True,har_x,0.006979902799976233,0.004885127797510769,0.3978185235313191,-0.2821924686710324,251
66,2022,True,har_x_log,0.0068434273449833605,0.005236839020320578,0.4211367692218462,-0.23254218852235442,251
66,2022,True,har,0.008675086075921342,0.005682372259379058,0.06980022991434032,-0.9806240911918687,251
66,2022,True,xgboost,0.015980904728873844,0.013160929938506385,-2.156685878426333,-5.72136061543061,251
66,2022,True,bilstm,0.04783094199000937,0.04262503523091782,-27.27785808423495,-59.2105147411323,251
66,2022,True,train_mean,0.008994679202256618,0.006620892920672564,0.0,-1.1292459478994261,251
66,2022,True,past_vol,0.008590837127697152,0.007011640104525109,0.08777995037374109,-0.9423408442593251,251
66,2022,True,h1_xgb_bilstm,0.03037426123988255,0.02777118402515952,-10.403550503309939,-23.28096370083915,251
66,2022,True,h2_harx_xgb,0.009342718254129707,0.007916100266111444,-0.07888497962500218,-1.2972114711160905,251
66,2022,True,h3_harx_resid,0.013873364205500163,0.012369474818917032,-1.3789878155704347,-4.065450166405455,251
66,2023,True,har_x,0.004223704836354855,0.0035410494901400333,-0.2530242337851749,-1.2155195901828653,250
66,2023,True,har_x_log,0.004423736085248859,0.0037807952135314946,-0.37451906406020696,-1.4303391996705015,250
66,2023,True,har,0.004811606576366275,0.003997028487435374,-0.6261199131754986,-1.8752041871876863,250
66,2023,True,xgboost,0.005667112092372654,0.004583704100080646,-1.2557759090271174,-2.9885227937011907,250
66,2023,True,bilstm,0.0072265508573386315,0.005490872451656541,-2.6680434826744603,-5.485606562419543,250
66,2023,True,train_mean,0.003773234752249477,0.002825540877293944,0.0,-0.768137862338188,250
66,2023,True,past_vol,0.004956521801312889,0.003897224925340341,-0.7255453991795286,-2.0510021534727874,250
66,2023,True,h1_xgb_bilstm,0.005654433595529712,0.004706911079943227,-1.2456939288577855,-2.970696462836452,250
66,2023,True,h2_harx_xgb,0.004853188159884523,0.004016131498992175,-0.6543469966480155,-1.925113562218824,250
66,2023,True,h3_harx_resid,0.00601019092408262,0.004860299974769125,-1.537166013678739,-3.486059291823028,250
66,2024,True,har_x,0.005794955152770012,0.005055515542284333,0.17899552338087166,-1.8140103377480976,252
66,2024,True,har_x_log,0.0059875388253658015,0.005185817678956329,0.12351991706270615,-2.0041541604894952,252
66,2024,True,har,0.005153026064153085,0.004532319781198126,0.35081265564395214,-1.225103455800804,252
66,2024,True,xgboost,0.00662411326831922,0.0057841118036828535,-0.07275578839739816,-2.676893323238009,252
66,2024,True,bilstm,0.006906841110265423,0.005650096572230979,-0.16628394497424148,-2.9974630728227676,252
66,2024,True,train_mean,0.006395541431482601,0.005598462436212071,0.0,-2.427521308210288,252
66,2024,True,past_vol,0.006124624312979302,0.005303502203761685,0.08292622439061104,-2.1432899071020413,252
66,2024,True,h1_xgb_bilstm,0.006368622747426183,0.00543637519477817,0.008400237662101073,-2.3987293146294064,252
66,2024,True,h2_harx_xgb,0.006157831050235972,0.005374891087845799,0.07295480995471493,-2.177467142554071,252
66,2024,True,h3_harx_resid,0.008352321718898489,0.00672752667952399,-0.7055316976352364,-4.845746235472839,252
66,2025,True,har_x,0.006503747719349575,0.00450987037746999,-0.30468678728397935,-0.36264351838929154,250
66,2025,True,har_x_log,0.00671958825828676,0.004722197141737874,-0.39272129506852216,-0.4545886906684744,250
66,2025,True,har,0.0066178773700824745,0.0044946802571805685,-0.3508785998402617,-0.4108872613289303,250
66,2025,True,xgboost,0.0073199721397654086,0.004850637787888026,-0.6527141570794732,-0.7261309425711078,250
66,2025,True,bilstm,0.00759086812002571,0.004977368711769948,-0.7773042671125205,-0.8562555882305933,250
66,2025,True,train_mean,0.0056939094261921445,0.004095612627506285,0.0,-0.044421949904132285,250
66,2025,True,past_vol,0.007915212316663943,0.005728739901136434,-0.9324311461908779,-1.018273505760154,250
66,2025,True,h1_xgb_bilstm,0.0071728692537835256,0.004528617796034921,-0.5869553958096505,-0.6574510489023992,250
66,2025,True,h2_harx_xgb,0.00675295119946547,0.0045140049283466065,-0.4065854270810083,-0.46906869445868327,250
66,2025,True,h3_harx_resid,0.007325692420789517,0.005274377875504447,-0.655298233416868,-0.7288298086181106,250
66,2026,False,har_x,0.01681021983867077,0.012666237410328081,0.48988239454068516,-5.267848097646114,101
66,2026,False,har_x_log,0.015849374440740215,0.011416265920336349,0.546530817763359,-4.571805248054233,101
66,2026,False,har,0.01962081167769578,0.015981498584008887,0.30504374989640126,-7.538972510539097,101
66,2026,False,xgboost,0.016987778065004653,0.01378522335501554,0.47904923100794705,-5.400955880466162,101
66,2026,False,bilstm,0.022959573028973567,0.01939388794083314,0.04840721383067004,-10.692282271173058,101
66,2026,False,train_mean,0.023536302481450704,0.022558211894113295,0.0,-11.28706484655138,101
66,2026,False,past_vol,0.02376289558600927,0.021441863430523903,-0.019347461611731953,-11.524788361990893,101
66,2026,False,h1_xgb_bilstm,0.019668600105759923,0.01574516366623751,0.30165435790916784,-7.580618189676615,101
66,2026,False,h2_harx_xgb,0.016700559186470978,0.0127729627216942,0.4965161410912181,-5.186338823604128,101
66,2026,False,h3_harx_resid,0.014195998267822628,0.011066408241500372,0.6362061091875517,-3.4699591271917845,101
126,2012,True,har_x,0.00699190700565982,0.006400163351881334,0.5449067108516776,-7.7871825781931,243
126,2012,True,har_x_log,0.006694759640481709,0.0061188286069805125,0.5827665459402935,-7.056164803954898,243
126,2012,True,har,0.007343716738372091,0.006493271349599886,0.4979569279563737,-8.693713885388679,243
126,2012,True,xgboost,0.007545170687045559,0.0065162828240696285,0.4700348860122201,-9.23284747924679,243
126,2012,True,bilstm,0.009265852032862279,0.008258228573446602,0.2007551145001748,-14.43224411574449,243
126,2012,True,train_mean,0.010364430119433872,0.010092472164955346,0.0,-18.308530333720686,243
126,2012,True,past_vol,0.0039012766154471537,0.0034069038836936944,0.8583154048221671,-1.735721303812122,243
126,2012,True,h1_xgb_bilstm,0.008380416104678374,0.007349042281998417,0.3462069342071208,-11.623783242838053,243
126,2012,True,h2_harx_xgb,0.007092898026379119,0.006417565822036463,0.5316650412971748,-8.042859756455325,243
126,2012,True,h3_harx_resid,0.006850271237730121,0.006247903632636462,0.5631577048973166,-7.4347827060423235,243
126,2013,True,har_x,0.00544181105899927,0.00525254465921799,0.788444463103286,-33.39998990594518,243
126,2013,True,har_x_log,0.004671536114433314,0.004462392213108109,0.8440961285880455,-24.35075035869842,243
126,2013,True,har,0.0070454175571411735,0.006856152226386485,0.6453900207345743,-56.661358743986376,243
126,2013,True,xgboost,0.003971229826459103,0.003748867521876459,0.8873353889243236,-17.31983005792322,243
126,2013,True,bilstm,0.0031874315496923204,0.002882076397530592,0.927419624188137,-10.801932636330715,243
126,2013,True,train_mean,0.011831267147377447,0.01179483065138459,0.0,-161.60500864479854,243
126,2013,True,past_vol,0.0018919425255237024,0.0014869549935654918,0.9744286676622329,-3.158026715841628,243
126,2013,True,h1_xgb_bilstm,0.0035444843137941297,0.0033154719597035254,0.910248111406726,-13.594106620596317,243
126,2013,True,h2_harx_xgb,0.004612148930608068,0.0045007060905472235,0.8480348077747694,-23.7103013954921,243
126,2013,True,h3_harx_resid,0.004117750367065981,0.0038408582175576828,0.8788683849639211,-18.696607310100028,243
126,2014,True,har_x,0.008363539957022558,0.006763275916435995,0.09180998874924462,0.043195474670119305,250
126,2014,True,har_x_log,0.008578565582200768,0.00686898043022366,0.04451076094185502,-0.006635634073735686,250
126,2014,True,har,0.0076813178187097545,0.006771715894276423,0.23393094759341948,0.19292402803645115,250
126,2014,True,xgboost,0.010946433905612523,0.008671238119083323,-0.5557570119963309,-0.6390351478780865,250
126,2014,True,bilstm,0.009956636839029828,0.008046065862455236,-0.28712813187652486,-0.3560268291905091,250
126,2014,True,train_mean,0.008776104292183746,0.008159442616987306,0.0,-0.05352901207553873,250
126,2014,True,past_vol,0.011743657322213193,0.00926549154432041,-0.7906190025691622,-0.886469068780376,250
126,2014,True,h1_xgb_bilstm,0.010435027152663269,0.008333636949238889,-0.41378580135496956,-0.48946435858792503,250
126,2014,True,h2_harx_xgb,0.009566756418490118,0.007686002138089843,-0.18829941042048626,-0.25190790391023987,250
126,2014,True,h3_harx_resid,0.00870175603465395,0.006778620428105134,0.016871570373754197,-0.03575432320751459,250
126,2015,True,har_x,0.007878119761086308,0.006998036115726129,0.5278785444585313,-6.343026184423148,252
126,2015,True,har_x_log,0.007728203437854893,0.006853855335722468,0.5456760074839999,-6.0662176736503515,252
126,2015,True,har,0.008173202795655634,0.006908725044108838,0.4918485957894623,-6.903409224412224,252
126,2015,True,xgboost,0.008302618225257736,0.0072691445344962215,0.4756289373609346,-7.155677735290391,252
126,2015,True,bilstm,0.007319576866923155,0.006175847726856041,0.5924503428786507,-5.338724428997879,252
126,2015,True,train_mean,0.011465571576677552,0.01109085774159481,0.0,-14.55325668476885,252
126,2015,True,past_vol,0.005185082638838199,0.004291794145797479,0.7954874587564942,-2.1808360492146215,252
126,2015,True,h1_xgb_bilstm,0.00764752755780022,0.006626820064280701,0.5551120103500597,-5.919457098996309,252
126,2015,True,h2_harx_xgb,0.007754582274919027,0.006911938760800184,0.5425692072537868,-6.114538535099156,252
126,2015,True,h3_harx_resid,0.010740253021602803,0.00934707971655697,0.1225192340345711,-12.6476835890079,252
126,2016,True,har_x,0.0039657658970844835,0.002861647863938688,0.3397040198045673,-0.05706574822838384,250
126,2016,True,har_x_log,0.004311169813860885,0.003256421663542188,0.21967635806381647,-0.24921765263424955,250
126,2016,True,har,0.005676433733422906,0.004177072192200969,-0.3528064033393059,-1.1657034963786441,250
126,2016,True,xgboost,0.005414627895764489,0.003805750855713509,-0.2308970716883081,-0.9705392325593447,250
126,2016,True,bilstm,0.009092766871592576,0.006627691363755203,-2.471175873300102,-4.556994487012124,250
126,2016,True,train_mean,0.004880426168760436,0.0038094189594051926,0.0,-0.6008968401042156,250
126,2016,True,past_vol,0.00724419629970184,0.0066632378555219135,-1.20325581961148,-2.527185279557242,250
126,2016,True,h1_xgb_bilstm,0.007040497512819879,0.005065583794722488,-1.0810916396260222,-2.3316130298446005,250
126,2016,True,h2_harx_xgb,0.004494750030839399,0.0031728867601153476,0.15180522296163557,-0.35787233835361754,250
126,2016,True,h3_harx_resid,0.0036811749453952583,0.002839602987288991,0.43107185268153914,0.08920472671153024,250
126,2017,True,har_x,0.0037482239646298523,0.0032212115530448004,0.6361415268271486,-7.044543273826104,251
126,2017,True,har_x_log,0.003834667487090791,0.003312342691500219,0.6191650047972268,-7.419877026309289,251
126,2017,True,har,0.004277211896050713,0.0038456302705002663,0.5261913786796993,-9.475429978271668,251
126,2017,True,xgboost,0.0037651575916183644,0.0032920753454228993,0.6328464400217106,-7.1173943144139855,251
126,2017,True,bilstm,0.007074567880604744,0.00663573571462015,-0.296227594815323,-27.658282678677033,251
126,2017,True,train_mean,0.006213828843004097,0.0060716756302477545,0.0,-21.108989804957865,251
126,2017,True,past_vol,0.0036961804135649382,0.003262071875598288,0.6461756240454455,-6.822699520724824,251
126,2017,True,h1_xgb_bilstm,0.005220414701278921,0.004963141015225418,0.2941841045290423,-14.60487643714461,251
126,2017,True,h2_harx_xgb,0.003552241248773146,0.0032266523121727976,0.6731967756849657,-6.225289154608451,251
126,2017,True,h3_harx_resid,0.0031920786743416373,0.002633103196474947,0.7361065564874842,-4.834417452213435,251
126,2018,True,har_x,0.004800960558572939,0.003888763299532266,-1.6022232181726594,-1.791034075139141,251
126,2018,True,har_x_log,0.004898138175768727,0.003984713871753935,-1.7086340645587943,-1.9051658283853734,251
126,2018,True,har,0.0040164990497014216,0.003193624556376441,-0.8213088939441628,-0.9534585460819045,251
126,2018,True,xgboost,0.005490038261766398,0.004710434023615837,-2.4028202896850974,-2.649720482762901,251
126,2018,True,bilstm,0.005411147853814487,0.004211612391157415,-2.3057276681073695,-2.5455830615856656,251
126,2018,True,train_mean,0.002976157183107811,0.002652555180870884,0.0,-0.07255751760568363,251
126,2018,True,past_vol,0.005001118973035321,0.004555216773797118,-1.8237265918999914,-2.028609183805412,251
126,2018,True,h1_xgb_bilstm,0.004212112389597429,0.003299637226460467,-1.003033315309092,-1.1483684403494023,251
126,2018,True,h2_harx_xgb,0.005060174017214966,0.004226452831204656,-1.890807520530276,-2.1005573380957943,251
126,2018,True,h3_harx_resid,0.005801770889965358,0.004958567127675313,-2.8002259620083616,-3.0759609241523593,251
126,2019,True,har_x,0.019927163657165056,0.013345811699691486,-0.10365606358719237,-0.7362535155803172,252
126,2019,True,har_x_log,0.019833763464329836,0.013239559641315134,-0.0933344628902455,-0.7200157436079131,252
126,2019,True,har,0.01977537336886667,0.013123377432331391,-0.08690644107288414,-0.709903285708352,252
126,2019,True,xgboost,0.01837451115049169,0.012212662709430562,0.061629457761356976,-0.47622905960697115,252
126,2019,True,bilstm,0.017120940348332787,0.011092353327874407,0.1852994550788264,-0.2816734596346788,252
126,2019,True,train_mean,0.018968308777520287,0.012210309291132534,0.0,-0.5731835060435453,252
126,2019,True,past_vol,0.017106852984248546,0.01160440146404305,0.18663959893148685,-0.27956516742994775,252
126,2019,True,h1_xgb_bilstm,0.01763483181551268,0.011627317620932567,0.13565838591427604,-0.3597679708667163,252
126,2019,True,h2_harx_xgb,0.01910853273265532,0.012718321806788205,-0.014839726860994995,-0.5965291195754541,252
126,2019,True,h3_harx_resid,0.01957342205643166,0.013483461018574786,-0.06482024616819237,-0.6751576481730277,252
126,2020,True,har_x,0.0218583216783135,0.01441297573724065,-0.2634904798210851,-0.9732987672847622,253
126,2020,True,har_x_log,0.019842038020234848,0.013452020720703789,-0.04114424513618031,-0.6260420543760425,253
126,2020,True,har,0.01899634056706735,0.012220510165597456,0.04571468215513508,-0.4903872022904927,253
126,2020,True,xgboost,0.02017754143701861,0.016645562348219668,-0.07665074116948789,-0.6814955191801846,253
126,2020,True,bilstm,0.018839619467848737,0.014752864381769764,0.061395567346927304,-0.46589705225526723,253
126,2020,True,train_mean,0.019446024384619037,0.011864995509658513,0.0,-0.5617836452271396,253
126,2020,True,past_vol,0.029182917687784745,0.025526334811811914,-1.2521419926493018,-2.5173585308489406,253
126,2020,True,h1_xgb_bilstm,0.019409221591445966,0.015617709242940283,0.0037815408100713155,-0.5558776966362113,253
126,2020,True,h2_harx_xgb,0.019806577101017252,0.014780463555304203,-0.037426185428883096,-0.6202352495332075,253
126,2020,True,h3_harx_resid,0.021212907473445338,0.013681650970424451,-0.189977482035957,-0.8584873696323301,253
126,2021,True,har_x,0.005988768950997505,0.004638321743899069,-0.02495847025676068,-0.10691422938055961,252
126,2021,True,har_x_log,0.005956406507601367,0.004689729817013031,-0.013910945342402448,-0.09498334351347104,252
126,2021,True,har,0.006625348469117526,0.005104688217473604,-0.25443627306700445,-0.3547410951793397,252
126,2021,True,xgboost,0.006938029912609383,0.005245971825725182,-0.375635859600967,-0.485631810093746,252
126,2021,True,bilstm,0.006376789502512133,0.0046441903513779696,-0.16207809494050296,-0.254997949935339,252
126,2021,True,train_mean,0.005915404178301291,0.0044831844242665874,0.0,-0.07996007789785708,252
126,2021,True,past_vol,0.007641926722025566,0.00541097544809083,-0.668925269265668,-0.8023726638018531,252
126,2021,True,h1_xgb_bilstm,0.006411037637641575,0.0045629888910205295,-0.17459407428990503,-0.2685147079684873,252
126,2021,True,h2_harx_xgb,0.0063930999043903865,0.004854415110584314,-0.16803036942970295,-0.26142616875636504,252
126,2021,True,h3_harx_resid,0.007661656841992254,0.005748447848827769,-0.6775541410863997,-0.811691500885541,252
126,2022,True,har_x,0.004960069869348434,0.0036404558425686814,0.4255808884260822,-0.06518616317961246,251
126,2022,True,har_x_log,0.005721540441749945,0.0049771513739106845,0.2356729379226148,-0.41734596614964525,251
126,2022,True,har,0.006183250384856989,0.004063421416830637,0.10733818198961764,-0.6553262204979031,251
126,2022,True,xgboost,0.00965434902230254,0.00855417002778049,-1.176202391491219,-3.0354866838314347,251
126,2022,True,bilstm,0.03816119486129148,0.03378763650760892,-33.001433040387674,-62.05127262159076,251
126,2022,True,train_mean,0.006544453008902338,0.00464086717740218,0.0,-0.8543710362647665,251
126,2022,True,past_vol,0.00888188628192627,0.007966737761713251,-0.8418900826088116,-2.415547621173098,251
126,2022,True,h1_xgb_bilstm,0.022822973114916937,0.02106435206049298,-11.161796436794756,-21.552483061340237,251
126,2022,True,h2_harx_xgb,0.0068710870657980976,0.005899028551737334,-0.10231113875901099,-1.0440938486667424,251
126,2022,True,h3_harx_resid,0.008665065967705663,0.00810022075458866,-0.7530610451163775,-2.2508256268678513,251
126,2023,True,har_x,0.004394333485383473,0.0036026788931389614,-0.28172657228663844,-5.89571656732436,250
126,2023,True,har_x_log,0.0050180255852268684,0.004087264459883725,-0.6713796338511235,-7.992058431677927,250
126,2023,True,har,0.004477669445650699,0.003659268020876847,-0.33080193114119116,-6.159743055046304,250
126,2023,True,xgboost,0.006587514706186587,0.005879993167998919,-1.8803983852436459,-14.496605356463672,250
126,2023,True,bilstm,0.010348729679184529,0.008719308221982401,-6.108589715714782,-37.244365789744805,250
126,2023,True,train_mean,0.003881461818043424,0.0035022039560986163,0.0,-4.380021540024871,250
126,2023,True,past_vol,0.0028075860775967315,0.0023828979939170304,0.4767906173215968,-1.814877748752925,250
126,2023,True,h1_xgb_bilstm,0.008325194117776956,0.007298567911113591,-3.6004265445641357,-23.75039390305724,250
126,2023,True,h2_harx_xgb,0.005431196293949711,0.004705278346855522,-0.9579444314960275,-9.533783215620378,250
126,2023,True,h3_harx_resid,0.006286546197788089,0.005410081444207508,-1.6232131819896787,-13.112943423181655,250
126,2024,True,har_x,0.004417174440446204,0.00356127103230791,0.22392714110267076,-3.4074546166158486,252
126,2024,True,har_x_log,0.004872372775234228,0.003920532716345359,0.055733874463019806,-4.362653836683795,252
126,2024,True,har,0.004302985011043888,0.0034657812905441723,0.2635333910111394,-3.1825237393088575,252
126,2024,True,xgboost,0.004612656633843143,0.003945635086973125,0.15371693893378557,-3.8061907354416764,252
126,2024,True,bilstm,0.006123334061228617,0.004613977669232735,-0.4913833862727315,-7.469829237826151,252
126,2024,True,train_mean,0.005014103597857856,0.00455129862682131,0.0,-4.679176337745028,252
126,2024,True,past_vol,0.004062003120555298,0.0034728751926932817,0.34371285167339505,-2.727170443542617,252
126,2024,True,h1_xgb_bilstm,0.005089422047760629,0.004205228307593335,-0.030268278129887527,-4.851075226684571,252
126,2024,True,h2_harx_xgb,0.004350912867981541,0.0035499793689239543,0.2470360796693194,-3.2762148795177337,252
126,2024,True,h3_harx_resid,0.0037952471236508255,0.0031318893639109857,0.4270806190478821,-2.253710191738798,252
126,2025,True,har_x,0.01009085456123888,0.007432281619015707,-0.19488255439460844,-0.3142185329283058,250
126,2025,True,har_x_log,0.010211688206001927,0.007736364073435433,-0.22367029868335275,-0.3458813829099403,250
126,2025,True,har,0.010274092915557332,0.00738125216906037,-0.23867195533176333,-0.3623812933985968,250
126,2025,True,xgboost,0.008998334086253564,0.006210843966021167,0.04984697864973131,-0.045047235130995844,250
126,2025,True,bilstm,0.011748518304487032,0.008055757492251184,-0.6197035070940264,-0.7814674413339546,250
126,2025,True,train_mean,0.009231352536720248,0.006628571544838145,0.0,-0.09987255910197734,250
126,2025,True,past_vol,0.010760067212238461,0.007227900143802583,-0.35862404068078746,-0.4943133004810467,250
126,2025,True,h1_xgb_bilstm,0.01028469588395913,0.006928227775454838,-0.2412299186896525,-0.3651947271031275,250
126,2025,True,h2_harx_xgb,0.009485272487084771,0.0067992444062216,-0.055769107068188495,-0.16121146961189803,250
126,2025,True,h3_harx_resid,0.009267995154734792,0.006863855027387436,-0.00795448811033328,-0.10862148229623592,250
126,2026,False,har_x,0.019741339891650923,0.019685235733048683,0.20956058997220062,-267.4698659408102,41
126,2026,False,har_x_log,0.01829454748162343,0.018097644322148772,0.32117367387449836,-229.56088861459565,41
126,2026,False,har,0.02167559960690131,0.021651892256134012,0.047077517060718166,-322.6566497079081,41
126,2026,False,xgboost,0.021091050185221612,0.02099286536513985,0.09778146768749285,-305.4352375987106,41
126,2026,False,bilstm,0.023669262406239115,0.023517976829039878,-0.13627848181005708,-384.93284673425467,41
126,2026,False,train_mean,0.022204568259153488,0.022171856387227747,0.0,-338.6463568679708,41
126,2026,False,past_vol,0.027144410405746933,0.027138147266034904,-0.49443200306278556,-506.5783854271793,41
126,2026,False,h1_xgb_bilstm,0.022313905029891088,0.02225542109708986,-0.009872379433226275,-341.99947457608437,41
126,2026,False,h2_harx_xgb,0.02038446053798565,0.020339050549094264,0.15722085799038688,-285.24686522787925,41
126,2026,False,h3_harx_resid,0.019395225813923046,0.01929445167540444,0.23703430001857706,-258.13852041391146,41
