contract,expiry,rule,expiry_in_data,roll_row,roll_row_date
Feb-08,2008-01-16,15 gun (Subat 2016'ya kadar),True,11,2008-01-17
Mar-08,2008-02-14,15 gun (Subat 2016'ya kadar),True,31,2008-02-15
Apr-08,2008-03-14,15 gun (Subat 2016'ya kadar),True,51,2008-03-17
May-08,2008-04-15,15 gun (Subat 2016'ya kadar),True,72,2008-04-16
Jun-08,2008-05-15,15 gun (Subat 2016'ya kadar),True,94,2008-05-16
Jul-08,2008-06-13,15 gun (Subat 2016'ya kadar),True,114,2008-06-16
Aug-08,2008-07-16,15 gun (Subat 2016'ya kadar),True,136,2008-07-17
Sep-08,2008-08-14,15 gun (Subat 2016'ya kadar),True,157,2008-08-15
Oct-08,2008-09-15,15 gun (Subat 2016'ya kadar),True,178,2008-09-16
Nov-08,2008-10-16,15 gun (Subat 2016'ya kadar),False,200,2008-10-17
Dec-08,2008-11-13,15 gun (Subat 2016'ya kadar),False,219,2008-11-14
Jan-09,2008-12-16,15 gun (Subat 2016'ya kadar),False,240,2008-12-17
Feb-09,2009-01-15,15 gun (Subat 2016'ya kadar),False,259,2009-01-16
Mar-09,2009-02-12,15 gun (Subat 2016'ya kadar),False,277,2009-02-13
Apr-09,2009-03-16,15 gun (Subat 2016'ya kadar),True,298,2009-03-17
May-09,2009-04-15,15 gun (Subat 2016'ya kadar),False,318,2009-05-01
Jun-09,2009-05-14,15 gun (Subat 2016'ya kadar),False,327,2009-05-15
Jul-09,2009-06-15,15 gun (Subat 2016'ya kadar),True,348,2009-06-16
Aug-09,2009-07-16,15 gun (Subat 2016'ya kadar),False,369,2009-07-17
Sep-09,2009-08-14,15 gun (Subat 2016'ya kadar),True,390,2009-08-17
Oct-09,2009-09-15,15 gun (Subat 2016'ya kadar),False,410,2009-09-16
Nov-09,2009-10-15,15 gun (Subat 2016'ya kadar),False,431,2009-10-16
Dec-09,2009-11-13,15 gun (Subat 2016'ya kadar),True,452,2009-11-16
Jan-10,2009-12-16,15 gun (Subat 2016'ya kadar),True,474,2009-12-17
Feb-10,2010-01-14,15 gun (Subat 2016'ya kadar),True,493,2010-01-15
Mar-10,2010-02-11,15 gun (Subat 2016'ya kadar),True,512,2010-02-12
Apr-10,2010-03-16,15 gun (Subat 2016'ya kadar),True,534,2010-03-17
May-10,2010-04-15,15 gun (Subat 2016'ya kadar),True,555,2010-04-16
Jun-10,2010-05-14,15 gun (Subat 2016'ya kadar),True,575,2010-05-17
Jul-10,2010-06-15,15 gun (Subat 2016'ya kadar),True,596,2010-06-16
Aug-10,2010-07-15,15 gun (Subat 2016'ya kadar),False,616,2010-07-16
Sep-10,2010-08-16,15 gun (Subat 2016'ya kadar),True,638,2010-08-17
Oct-10,2010-09-15,15 gun (Subat 2016'ya kadar),True,659,2010-09-16
Nov-10,2010-10-14,15 gun (Subat 2016'ya kadar),True,680,2010-10-15
Dec-10,2010-11-15,15 gun (Subat 2016'ya kadar),True,702,2010-11-16
Jan-11,2010-12-16,15 gun (Subat 2016'ya kadar),True,724,2010-12-17
Feb-11,2011-01-14,15 gun (Subat 2016'ya kadar),False,743,2011-01-18
Mar-11,2011-02-11,15 gun (Subat 2016'ya kadar),True,762,2011-02-14
Apr-11,2011-03-16,15 gun (Subat 2016'ya kadar),True,784,2011-03-17
May-11,2011-04-14,15 gun (Subat 2016'ya kadar),True,804,2011-04-15
Jun-11,2011-05-16,15 gun (Subat 2016'ya kadar),True,824,2011-05-17
Jul-11,2011-06-15,15 gun (Subat 2016'ya kadar),True,845,2011-06-16
Aug-11,2011-07-14,15 gun (Subat 2016'ya kadar),True,863,2011-07-15
Sep-11,2011-08-16,15 gun (Subat 2016'ya kadar),False,884,2011-08-17
Oct-11,2011-09-15,15 gun (Subat 2016'ya kadar),True,904,2011-09-16
Nov-11,2011-10-14,15 gun (Subat 2016'ya kadar),True,923,2011-10-17
Dec-11,2011-11-15,15 gun (Subat 2016'ya kadar),True,945,2011-11-16
Jan-12,2011-12-15,15 gun (Subat 2016'ya kadar),True,964,2011-12-16
Feb-12,2012-01-16,15 gun (Subat 2016'ya kadar),False,983,2012-01-17
Mar-12,2012-02-14,15 gun (Subat 2016'ya kadar),True,1004,2012-02-15
Apr-12,2012-03-15,15 gun (Subat 2016'ya kadar),True,1025,2012-03-16
May-12,2012-04-13,15 gun (Subat 2016'ya kadar),True,1045,2012-04-16
Jun-12,2012-05-16,15 gun (Subat 2016'ya kadar),True,1068,2012-05-17
Jul-12,2012-06-14,15 gun (Subat 2016'ya kadar),True,1088,2012-06-15
Aug-12,2012-07-16,15 gun (Subat 2016'ya kadar),True,1109,2012-07-17
Sep-12,2012-08-16,15 gun (Subat 2016'ya kadar),True,1132,2012-08-17
Oct-12,2012-09-13,15 gun (Subat 2016'ya kadar),True,1151,2012-09-18
Nov-12,2012-10-16,15 gun (Subat 2016'ya kadar),True,1172,2012-10-19
Dec-12,2012-11-15,15 gun (Subat 2016'ya kadar),True,1190,2012-11-19
Jan-13,2012-12-14,15 gun (Subat 2016'ya kadar),True,1209,2012-12-19
Feb-13,2013-01-16,15 gun (Subat 2016'ya kadar),True,1228,2013-01-17
Mar-13,2013-02-13,15 gun (Subat 2016'ya kadar),True,1247,2013-02-14
Apr-13,2013-03-14,15 gun (Subat 2016'ya kadar),True,1267,2013-03-15
May-13,2013-04-15,15 gun (Subat 2016'ya kadar),True,1287,2013-04-16
Jun-13,2013-05-16,15 gun (Subat 2016'ya kadar),True,1310,2013-05-17
Jul-13,2013-06-13,15 gun (Subat 2016'ya kadar),True,1329,2013-06-14
Aug-13,2013-07-16,15 gun (Subat 2016'ya kadar),True,1350,2013-07-17
Sep-13,2013-08-15,15 gun (Subat 2016'ya kadar),True,1371,2013-08-16
Oct-13,2013-09-13,15 gun (Subat 2016'ya kadar),True,1390,2013-09-18
Nov-13,2013-10-16,15 gun (Subat 2016'ya kadar),True,1411,2013-10-17
Dec-13,2013-11-14,15 gun (Subat 2016'ya kadar),True,1431,2013-11-15
Jan-14,2013-12-16,15 gun (Subat 2016'ya kadar),True,1451,2013-12-17
Feb-14,2014-01-16,15 gun (Subat 2016'ya kadar),True,1471,2014-01-17
Mar-14,2014-02-13,15 gun (Subat 2016'ya kadar),True,1489,2014-02-14
Apr-14,2014-03-14,15 gun (Subat 2016'ya kadar),True,1508,2014-03-17
May-14,2014-04-15,15 gun (Subat 2016'ya kadar),True,1530,2014-04-16
Jun-14,2014-05-15,15 gun (Subat 2016'ya kadar),True,1551,2014-05-16
Jul-14,2014-06-13,15 gun (Subat 2016'ya kadar),True,1571,2014-06-16
Aug-14,2014-07-16,15 gun (Subat 2016'ya kadar),True,1593,2014-07-17
Sep-14,2014-08-14,15 gun (Subat 2016'ya kadar),True,1614,2014-08-15
Oct-14,2014-09-15,15 gun (Subat 2016'ya kadar),True,1635,2014-09-16
Nov-14,2014-10-16,15 gun (Subat 2016'ya kadar),True,1658,2014-10-17
Dec-14,2014-11-13,15 gun (Subat 2016'ya kadar),True,1678,2014-11-14
Jan-15,2014-12-16,15 gun (Subat 2016'ya kadar),True,1700,2014-12-17
Feb-15,2015-01-15,15 gun (Subat 2016'ya kadar),True,1720,2015-01-16
Mar-15,2015-02-12,15 gun (Subat 2016'ya kadar),True,1739,2015-02-13
Apr-15,2015-03-16,15 gun (Subat 2016'ya kadar),True,1760,2015-03-17
May-15,2015-04-15,15 gun (Subat 2016'ya kadar),True,1781,2015-04-16
Jun-15,2015-05-14,15 gun (Subat 2016'ya kadar),True,1802,2015-05-15
Jul-15,2015-06-15,15 gun (Subat 2016'ya kadar),True,1823,2015-06-16
Aug-15,2015-07-16,15 gun (Subat 2016'ya kadar),True,1845,2015-07-17
Sep-15,2015-08-14,15 gun (Subat 2016'ya kadar),True,1866,2015-08-17
Oct-15,2015-09-15,15 gun (Subat 2016'ya kadar),True,1887,2015-09-16
Nov-15,2015-10-15,15 gun (Subat 2016'ya kadar),True,1909,2015-10-16
Dec-15,2015-11-13,15 gun (Subat 2016'ya kadar),True,1930,2015-11-16
Jan-16,2015-12-16,15 gun (Subat 2016'ya kadar),True,1952,2015-12-17
Feb-16,2016-01-14,15 gun (Subat 2016'ya kadar),True,1971,2016-01-15
Mar-16,2016-01-29,ay oncesi (Mart 2016'dan),True,1981,2016-02-01
Apr-16,2016-02-29,ay oncesi (Mart 2016'dan),True,2001,2016-03-01
May-16,2016-03-31,ay oncesi (Mart 2016'dan),True,2023,2016-04-01
Jun-16,2016-04-29,ay oncesi (Mart 2016'dan),True,2044,2016-05-02
Jul-16,2016-05-31,ay oncesi (Mart 2016'dan),True,2065,2016-06-01
Aug-16,2016-06-30,ay oncesi (Mart 2016'dan),True,2087,2016-07-01
Sep-16,2016-07-29,ay oncesi (Mart 2016'dan),True,2107,2016-08-01
Oct-16,2016-08-31,ay oncesi (Mart 2016'dan),True,2130,2016-09-01
Nov-16,2016-09-30,ay oncesi (Mart 2016'dan),True,2151,2016-10-03
Dec-16,2016-10-31,ay oncesi (Mart 2016'dan),True,2171,2016-11-01
Jan-17,2016-11-30,ay oncesi (Mart 2016'dan),True,2191,2016-12-01
Feb-17,2016-12-29,ay oncesi (Mart 2016'dan),True,2211,2016-12-30
Mar-17,2017-01-31,ay oncesi (Mart 2016'dan),True,2232,2017-02-01
Apr-17,2017-02-28,ay oncesi (Mart 2016'dan),True,2251,2017-03-01
May-17,2017-03-31,ay oncesi (Mart 2016'dan),True,2274,2017-04-03
Jun-17,2017-04-28,ay oncesi (Mart 2016'dan),True,2293,2017-05-01
Jul-17,2017-05-31,ay oncesi (Mart 2016'dan),True,2315,2017-06-01
Aug-17,2017-06-30,ay oncesi (Mart 2016'dan),True,2337,2017-07-03
Sep-17,2017-07-31,ay oncesi (Mart 2016'dan),True,2357,2017-08-01
Oct-17,2017-08-31,ay oncesi (Mart 2016'dan),True,2380,2017-09-01
Nov-17,2017-09-29,ay oncesi (Mart 2016'dan),True,2400,2017-10-02
Dec-17,2017-10-31,ay oncesi (Mart 2016'dan),True,2422,2017-11-01
Jan-18,2017-11-30,ay oncesi (Mart 2016'dan),True,2443,2017-12-01
Feb-18,2017-12-28,ay oncesi (Mart 2016'dan),True,2462,2017-12-29
Mar-18,2018-01-31,ay oncesi (Mart 2016'dan),True,2484,2018-02-01
Apr-18,2018-02-28,ay oncesi (Mart 2016'dan),True,2503,2018-03-01
May-18,2018-03-29,ay oncesi (Mart 2016'dan),True,2524,2018-04-02
Jun-18,2018-04-30,ay oncesi (Mart 2016'dan),True,2545,2018-05-01
Jul-18,2018-05-31,ay oncesi (Mart 2016'dan),True,2567,2018-06-01
Aug-18,2018-06-29,ay oncesi (Mart 2016'dan),True,2588,2018-07-02
Sep-18,2018-07-31,ay oncesi (Mart 2016'dan),True,2609,2018-08-01
Oct-18,2018-08-31,ay oncesi (Mart 2016'dan),True,2632,2018-09-04
Nov-18,2018-09-28,ay oncesi (Mart 2016'dan),True,2651,2018-10-01
Dec-18,2018-10-31,ay oncesi (Mart 2016'dan),True,2674,2018-11-01
Jan-19,2018-11-30,ay oncesi (Mart 2016'dan),True,2695,2018-12-03
Feb-19,2018-12-28,ay oncesi (Mart 2016'dan),True,2713,2018-12-31
Mar-19,2019-01-31,ay oncesi (Mart 2016'dan),True,2735,2019-02-01
Apr-19,2019-02-28,ay oncesi (Mart 2016'dan),True,2754,2019-03-01
May-19,2019-03-29,ay oncesi (Mart 2016'dan),True,2775,2019-04-01
Jun-19,2019-04-30,ay oncesi (Mart 2016'dan),True,2796,2019-05-01
Jul-19,2019-05-31,ay oncesi (Mart 2016'dan),True,2818,2019-06-03
Aug-19,2019-06-28,ay oncesi (Mart 2016'dan),True,2838,2019-07-01
Sep-19,2019-07-31,ay oncesi (Mart 2016'dan),True,2860,2019-08-01
Oct-19,2019-08-30,ay oncesi (Mart 2016'dan),True,2882,2019-09-03
Nov-19,2019-09-30,ay oncesi (Mart 2016'dan),True,2902,2019-10-01
Dec-19,2019-10-31,ay oncesi (Mart 2016'dan),True,2925,2019-11-01
Jan-20,2019-11-29,ay oncesi (Mart 2016'dan),True,2945,2019-12-02
Feb-20,2019-12-30,ay oncesi (Mart 2016'dan),True,2965,2019-12-31
Mar-20,2020-01-31,ay oncesi (Mart 2016'dan),True,2987,2020-02-03
Apr-20,2020-02-28,ay oncesi (Mart 2016'dan),True,3006,2020-03-02
May-20,2020-03-31,ay oncesi (Mart 2016'dan),True,3028,2020-04-01
Jun-20,2020-04-30,ay oncesi (Mart 2016'dan),True,3049,2020-05-01
Jul-20,2020-05-29,ay oncesi (Mart 2016'dan),True,3069,2020-06-01
Aug-20,2020-06-30,ay oncesi (Mart 2016'dan),True,3091,2020-07-01
Sep-20,2020-07-31,ay oncesi (Mart 2016'dan),True,3113,2020-08-03
Oct-20,2020-08-28,ay oncesi (Mart 2016'dan),True,3133,2020-08-31
Nov-20,2020-09-30,ay oncesi (Mart 2016'dan),True,3155,2020-10-01
Dec-20,2020-10-30,ay oncesi (Mart 2016'dan),True,3177,2020-11-02
Jan-21,2020-11-30,ay oncesi (Mart 2016'dan),True,3197,2020-12-01
Feb-21,2020-12-30,ay oncesi (Mart 2016'dan),True,3218,2020-12-31
Mar-21,2021-01-29,ay oncesi (Mart 2016'dan),True,3238,2021-02-01
Apr-21,2021-02-26,ay oncesi (Mart 2016'dan),True,3257,2021-03-01
May-21,2021-03-31,ay oncesi (Mart 2016'dan),True,3280,2021-04-01
Jun-21,2021-04-30,ay oncesi (Mart 2016'dan),True,3301,2021-05-03
Jul-21,2021-05-28,ay oncesi (Mart 2016'dan),True,3321,2021-06-01
Aug-21,2021-06-30,ay oncesi (Mart 2016'dan),True,3343,2021-07-01
Sep-21,2021-07-30,ay oncesi (Mart 2016'dan),True,3364,2021-08-02
Oct-21,2021-08-31,ay oncesi (Mart 2016'dan),True,3386,2021-09-01
Nov-21,2021-09-30,ay oncesi (Mart 2016'dan),True,3407,2021-10-01
Dec-21,2021-10-29,ay oncesi (Mart 2016'dan),True,3428,2021-11-01
Jan-22,2021-11-30,ay oncesi (Mart 2016'dan),True,3449,2021-12-01
Feb-22,2021-12-30,ay oncesi (Mart 2016'dan),True,3470,2021-12-31
Mar-22,2022-01-31,ay oncesi (Mart 2016'dan),True,3491,2022-02-01
Apr-22,2022-02-28,ay oncesi (Mart 2016'dan),True,3510,2022-03-01
May-22,2022-03-31,ay oncesi (Mart 2016'dan),True,3533,2022-04-01
Jun-22,2022-04-29,ay oncesi (Mart 2016'dan),True,3553,2022-05-02
Jul-22,2022-05-31,ay oncesi (Mart 2016'dan),True,3574,2022-06-01
Aug-22,2022-06-30,ay oncesi (Mart 2016'dan),True,3595,2022-07-01
Sep-22,2022-07-29,ay oncesi (Mart 2016'dan),True,3615,2022-08-01
Oct-22,2022-08-31,ay oncesi (Mart 2016'dan),True,3638,2022-09-01
Nov-22,2022-09-30,ay oncesi (Mart 2016'dan),True,3659,2022-10-03
Dec-22,2022-10-31,ay oncesi (Mart 2016'dan),True,3680,2022-11-01
Jan-23,2022-11-30,ay oncesi (Mart 2016'dan),True,3701,2022-12-01
Feb-23,2022-12-29,ay oncesi (Mart 2016'dan),True,3721,2022-12-30
Mar-23,2023-01-31,ay oncesi (Mart 2016'dan),True,3742,2023-02-01
Apr-23,2023-02-28,ay oncesi (Mart 2016'dan),True,3761,2023-03-01
May-23,2023-03-31,ay oncesi (Mart 2016'dan),True,3784,2023-04-03
Jun-23,2023-04-28,ay oncesi (Mart 2016'dan),True,3803,2023-05-01
Jul-23,2023-05-31,ay oncesi (Mart 2016'dan),True,3825,2023-06-01
Aug-23,2023-06-30,ay oncesi (Mart 2016'dan),True,3846,2023-07-03
Sep-23,2023-07-31,ay oncesi (Mart 2016'dan),True,3866,2023-08-01
Oct-23,2023-08-31,ay oncesi (Mart 2016'dan),True,3889,2023-09-01
Nov-23,2023-09-29,ay oncesi (Mart 2016'dan),True,3909,2023-10-02
Dec-23,2023-10-31,ay oncesi (Mart 2016'dan),True,3931,2023-11-01
Jan-24,2023-11-30,ay oncesi (Mart 2016'dan),True,3952,2023-12-01
Feb-24,2023-12-28,ay oncesi (Mart 2016'dan),True,3971,2023-12-29
Mar-24,2024-01-31,ay oncesi (Mart 2016'dan),True,3993,2024-02-01
Apr-24,2024-02-29,ay oncesi (Mart 2016'dan),True,4013,2024-03-01
May-24,2024-03-28,ay oncesi (Mart 2016'dan),True,4033,2024-04-01
Jun-24,2024-04-30,ay oncesi (Mart 2016'dan),True,4055,2024-05-01
Jul-24,2024-05-31,ay oncesi (Mart 2016'dan),True,4077,2024-06-03
Aug-24,2024-06-28,ay oncesi (Mart 2016'dan),True,4096,2024-07-01
Sep-24,2024-07-31,ay oncesi (Mart 2016'dan),True,4118,2024-08-01
Oct-24,2024-08-30,ay oncesi (Mart 2016'dan),True,4140,2024-09-03
Nov-24,2024-09-30,ay oncesi (Mart 2016'dan),True,4160,2024-10-01
Dec-24,2024-10-31,ay oncesi (Mart 2016'dan),True,4183,2024-11-01
Jan-25,2024-11-29,ay oncesi (Mart 2016'dan),True,4203,2024-12-02
Feb-25,2024-12-30,ay oncesi (Mart 2016'dan),True,4223,2024-12-31
Mar-25,2025-01-31,ay oncesi (Mart 2016'dan),True,4244,2025-02-03
Apr-25,2025-02-28,ay oncesi (Mart 2016'dan),True,4263,2025-03-03
May-25,2025-03-31,ay oncesi (Mart 2016'dan),True,4284,2025-04-01
Jun-25,2025-04-30,ay oncesi (Mart 2016'dan),True,4305,2025-05-01
Jul-25,2025-05-30,ay oncesi (Mart 2016'dan),True,4326,2025-06-02
Aug-25,2025-06-30,ay oncesi (Mart 2016'dan),True,4346,2025-07-01
Sep-25,2025-07-31,ay oncesi (Mart 2016'dan),True,4368,2025-08-01
Oct-25,2025-08-29,ay oncesi (Mart 2016'dan),True,4389,2025-09-02
Nov-25,2025-09-30,ay oncesi (Mart 2016'dan),True,4410,2025-10-01
Dec-25,2025-10-31,ay oncesi (Mart 2016'dan),True,4433,2025-11-03
Jan-26,2025-11-28,ay oncesi (Mart 2016'dan),True,4452,2025-12-01
Feb-26,2025-12-30,ay oncesi (Mart 2016'dan),True,4473,2025-12-31
Mar-26,2026-01-30,ay oncesi (Mart 2016'dan),True,4494,2026-02-02
Apr-26,2026-02-27,ay oncesi (Mart 2016'dan),True,4513,2026-03-02
May-26,2026-03-31,ay oncesi (Mart 2016'dan),True,4535,2026-04-01
Jun-26,2026-04-30,ay oncesi (Mart 2016'dan),True,4556,2026-05-01
Jul-26,2026-05-29,ay oncesi (Mart 2016'dan),True,4576,2026-06-01
Aug-26,2026-06-30,ay oncesi (Mart 2016'dan),True,4597,2026-07-01
Sep-26,2026-07-31,ay oncesi (Mart 2016'dan),True,4619,2026-08-03
Oct-26,2026-08-28,ay oncesi (Mart 2016'dan),True,4639,2026-08-31
