horizon,ozellik,grup,mean_abs_shap,pay_pct
5,brent_ema10,brent_fiyat,0.01645111876229445,1.3231067571015194
5,brent_ema20,brent_fiyat,0.01386781840895613,1.1153408171364756
5,brent_ema5,brent_fiyat,0.00812552124261856,0.6535076560094756
5,brent_lag1,brent_fiyat,0.013874337077140808,1.11586509114161
5,brent_lag2,brent_fiyat,0.00794751465631028,0.6391912000555576
5,brent_lag3,brent_fiyat,0.0050885585912813745,0.40925522168513967
5,brent_lag4,brent_fiyat,0.006771181508277853,0.5445827810627129
5,brent_lag5,brent_fiyat,0.012790276824186245,1.028677862934565
5,brent_ret_lag1,brent_fiyat,0.01178367412649095,0.9477202788163462
5,brent_ret_lag2,brent_fiyat,0.012357246906807026,0.9938507598061912
5,brent_ret_lag3,brent_fiyat,0.014600816493233046,1.1742933256109809
5,brent_ret_lag4,brent_fiyat,0.010219008351365725,0.8218796056325524
5,brent_ret_lag5,brent_fiyat,0.00634810901246965,0.5105565190172027
5,brent_vol126,brent_vol,0.030644154548645018,2.464603686522811
5,brent_vol20,brent_vol,0.05650987066328526,4.544894046287804
5,brent_vol5,brent_vol,0.1057390625278155,8.504228201232694
5,brent_vol60,brent_vol,0.05984453136722247,4.81308930849287
5,dow,takvim,0.0013240869351041813,0.10649174661856511
5,gprd_ema10,gpr,0.012193775145957868,0.9807032897465537
5,gprd_ema20,gpr,0.02038166333610813,1.6392269042991112
5,gprd_ema5,gpr,0.010764228894064825,0.8657298139119513
5,gprd_lag1,gpr,0.00638997028581798,0.5139232768911411
5,gprd_lag2,gpr,0.007490815067042907,0.6024604268323953
5,gprd_lag3,gpr,0.00851051261027654,0.6844711842250475
5,gprd_lag4,gpr,0.00794337981690963,0.6388586491798648
5,gprd_lag5,gpr,0.011418621505921085,0.9183603552784627
5,gprd_momentum,gpr,0.01364954337477684,1.0977857087695535
5,gprd_spike,gpr,8.662261340456704e-06,0.0006966758113500508
5,gprd_threat_ema10,gpr,0.011889733063677946,0.9562502334334598
5,gprd_threat_ema20,gpr,0.028370455962916215,2.281737949191621
5,gprd_threat_ema5,gpr,0.012614757257203261,1.0145614293695127
5,gprd_threat_lag1,gpr,0.005868864556153615,0.4720125398740631
5,gprd_threat_lag2,gpr,0.010206583328545094,0.8208803038896949
5,gprd_threat_lag3,gpr,0.011320565920323133,0.9104740826333735
5,gprd_threat_lag4,gpr,0.015307092728714148,1.2310966879261973
5,gprd_threat_lag5,gpr,0.008317279381056626,0.6689301018845929
5,gprd_threat_momentum,gpr,0.013321929052472115,1.0714368184704868
5,gprd_threat_spike,gpr,0.0002323153001877169,0.018684318549868996
5,gprd_threat_z60,gpr,0.009678029300024113,0.7783705258779895
5,gprd_z60,gpr,0.008077232368911306,0.6496239484016181
5,is_month_end,takvim,0.001366093646841667,0.10987020160065845
5,is_month_start,takvim,0.00038193153547278294,0.03071743646349545
5,is_quarter_end,takvim,0.00010521896862580131,0.008462398842024646
5,month,takvim,0.018577692843973637,1.4941397778706347
5,ovx_ema10,ovx,0.022715012977520623,1.8268901703566895
5,ovx_ema20,ovx,0.030842377990484237,2.4805461144575305
5,ovx_ema5,ovx,0.022040382462243237,1.7726319642001438
5,ovx_lag1,ovx,0.02324055020386974,1.8691573173719194
5,ovx_lag2,ovx,0.019897520914673804,1.6002889987101356
5,ovx_lag3,ovx,0.01244707489386201,1.0010753150699754
5,ovx_lag4,ovx,0.006260493925462167,0.5035099396739587
5,ovx_lag5,ovx,0.019761023794611296,1.5893110059979603
5,ovx_mr60,ovx,0.03424320972214143,2.754063284258408
5,ovx_regime_high,ovx,0.00020931286477813652,0.016834311984360358
5,ovx_regime_high_x_gprd,etkilesim,0.003057013537424306,0.2458650579550489
5,ovx_regime_low,ovx,0.00026476604264947433,0.021294219872964433
5,ovx_regime_low_x_gprd,etkilesim,0.003564998592870931,0.2867205443860689
5,ovx_spike,ovx,0.00034688419618760235,0.027898699811193486
5,ovx_x_gprd,etkilesim,0.010137131003042062,0.8152944928274046
5,ovx_x_gprd_threat,etkilesim,0.009243071482827266,0.7433883684148572
5,ovx_z60,ovx,0.03191152860720952,2.5665342120324324
5,threat_ratio,gpr,0.008667344910403092,0.6970846653522285
5,vol20_vol126,brent_vol,0.03456540113935868,2.7799760289999575
5,vol5_vol60,brent_vol,0.18042901208003362,14.511283305996189
5,vol_ratio,brent_vol,0.12085252751906712,9.719752077880782
22,brent_ema10,brent_fiyat,0.00699536659133931,1.0621255809703376
22,brent_ema20,brent_fiyat,0.028394013891617456,4.311140539518183
22,brent_ema5,brent_fiyat,0.009709048612664143,1.4741513205558547
22,brent_lag1,brent_fiyat,0.020376126281917095,3.0937628046398995
22,brent_lag2,brent_fiyat,0.005927756358869374,0.9000274087579062
22,brent_lag3,brent_fiyat,0.004590113538627824,0.6969294525566078
22,brent_lag4,brent_fiyat,0.003431803733110428,0.521060116894921
22,brent_lag5,brent_fiyat,0.0028904372515777747,0.4388629680810732
22,brent_ret_lag1,brent_fiyat,0.00309153208945645,0.4693957455593056
22,brent_ret_lag2,brent_fiyat,0.005223924247547984,0.7931626604445966
22,brent_ret_lag3,brent_fiyat,0.004044882603920996,0.6141455532817
22,brent_ret_lag4,brent_fiyat,0.004503941411773364,0.6838457036059729
22,brent_ret_lag5,brent_fiyat,0.003766039489225174,0.5718080429698672
22,brent_vol126,brent_vol,0.03263078583404422,4.954421174211453
22,brent_vol20,brent_vol,0.12310977429151534,18.692092663791097
22,brent_vol5,brent_vol,0.010747122950851918,1.631764977415973
22,brent_vol60,brent_vol,0.03815941601060331,5.793848166574939
22,dow,takvim,0.00013160002999939023,0.019981191334828268
22,gprd_ema10,gpr,0.004866524258007606,0.7388976456561881
22,gprd_ema20,gpr,0.02213887171819806,3.361405249988039
22,gprd_ema5,gpr,0.0018364266181985537,0.2788296600750543
22,gprd_lag1,gpr,0.001816121115310428,0.2757466202128337
22,gprd_lag2,gpr,0.0018821381469024344,0.28577016610110895
22,gprd_lag3,gpr,0.00261217042231389,0.39661295675749353
22,gprd_lag4,gpr,0.001875063266682749,0.2846959677491695
22,gprd_lag5,gpr,0.0017460542779493455,0.2651081812736893
22,gprd_momentum,gpr,0.008278553960068772,1.2569554175071302
22,gprd_spike,gpr,0.0,0.0
22,gprd_threat_ema10,gpr,0.011356826856111486,1.7243379835820043
22,gprd_threat_ema20,gpr,0.01809949226056536,2.748095254410471
22,gprd_threat_ema5,gpr,0.003415189776569605,0.5185375745788422
22,gprd_threat_lag1,gpr,0.002396729250419109,0.36390193627330975
22,gprd_threat_lag2,gpr,0.0036380895141822594,0.5523810494301937
22,gprd_threat_lag3,gpr,0.002481178205683439,0.3767240513835476
22,gprd_threat_lag4,gpr,0.0017149227191112005,0.26038139182159475
22,gprd_threat_lag5,gpr,0.0017063750861173806,0.2590835814008054
22,gprd_threat_momentum,gpr,0.008048962103202939,1.2220958599449019
22,gprd_threat_spike,gpr,0.0,0.0
22,gprd_threat_z60,gpr,0.00163161273036773,0.24773220910337362
22,gprd_z60,gpr,0.002064223820343614,0.31341673031827605
22,is_month_end,takvim,1.3453953336769094e-05,0.0020427504145179914
22,is_month_start,takvim,2.823148734023562e-05,0.004286463690127151
22,is_quarter_end,takvim,0.0,0.0
22,month,takvim,0.026677807172139485,4.050564194420342
22,ovx_ema10,ovx,0.013668085029348732,2.0752626131877348
22,ovx_ema20,ovx,0.02665291726589203,4.046785092097656
22,ovx_ema5,ovx,0.012137532763881608,1.8428746899904898
22,ovx_lag1,ovx,0.009488398915467162,1.4406494754750807
22,ovx_lag2,ovx,0.0022623825430249174,0.343503709421386
22,ovx_lag3,ovx,0.002261628773218642,0.34338926249670315
22,ovx_lag4,ovx,0.0021644430235028267,0.328633285160684
22,ovx_lag5,ovx,0.0027082081767730417,0.4111946308439238
22,ovx_mr60,ovx,0.020800512594481308,3.1581985354772484
22,ovx_regime_high,ovx,0.0011120391750106744,0.16884393968463246
22,ovx_regime_high_x_gprd,etkilesim,0.0012934730194198588,0.19639153492279596
22,ovx_regime_low,ovx,0.00010623706784826937,0.016130263644599765
22,ovx_regime_low_x_gprd,etkilesim,0.0013439512190719445,0.20405577759425023
22,ovx_spike,ovx,1.5484730768851782e-05,0.002351088888522013
22,ovx_x_gprd,etkilesim,0.003010116477768558,0.45703419127405664
22,ovx_x_gprd_threat,etkilesim,0.0033002833302210395,0.5010910155612911
22,ovx_z60,ovx,0.02705919627721111,4.108471542021177
22,threat_ratio,gpr,0.005151495632405082,0.7821656263459442
22,vol20_vol126,brent_vol,0.07228692968686422,10.975521609586291
22,vol5_vol60,brent_vol,0.00988919430722793,1.5015033324911198
22,vol_ratio,brent_vol,0.0038583237677812577,0.5858198165768659
66,brent_ema10,brent_fiyat,0.010092623789595174,2.4577278050455647
66,brent_ema20,brent_fiyat,0.03526479388321085,8.587584980163472
66,brent_ema5,brent_fiyat,0.016139809640922716,3.9303217626651796
66,brent_lag1,brent_fiyat,0.006822333737675633,1.6613558250008245
66,brent_lag2,brent_fiyat,0.0017895263195636549,0.4357804952550267
66,brent_lag3,brent_fiyat,0.0011266994198584662,0.2743707235941598
66,brent_lag4,brent_fiyat,0.0008337418657902163,0.2030305110446779
66,brent_lag5,brent_fiyat,0.003127649721656261,0.7616366017013643
66,brent_ret_lag1,brent_fiyat,6.22794551808121e-05,0.015166120512564017
66,brent_ret_lag2,brent_fiyat,0.00021033262393237756,0.05121961829982484
66,brent_ret_lag3,brent_fiyat,0.00022290871675068047,0.054282113607560536
66,brent_ret_lag4,brent_fiyat,0.00011697685541938492,0.02848587999558726
66,brent_ret_lag5,brent_fiyat,0.00030692125022012206,0.07474061317959797
66,brent_vol126,brent_vol,0.05680666830656784,13.833402603690288
66,brent_vol20,brent_vol,0.013367885993959914,3.2553105898889627
66,brent_vol5,brent_vol,0.0021196829444046932,0.5161793225380126
66,brent_vol60,brent_vol,0.05694135085546544,13.86620012514564
66,dow,takvim,0.0,0.0
66,gprd_ema10,gpr,0.002880891543879573,0.7015467333690713
66,gprd_ema20,gpr,0.022978742640199407,5.595719793898065
66,gprd_ema5,gpr,0.00034319407651699815,0.08357367142252255
66,gprd_lag1,gpr,3.475770297102697e-05,0.008464099605047728
66,gprd_lag2,gpr,7.709657906421594e-05,0.018774345501252218
66,gprd_lag3,gpr,2.2617000338089254e-05,0.005507629309927595
66,gprd_lag4,gpr,6.466063028450922e-05,0.015745977681823804
66,gprd_lag5,gpr,7.924021442054904e-06,0.0019296357648833711
66,gprd_momentum,gpr,0.0014516443407046609,0.35350041114828756
66,gprd_spike,gpr,0.0,0.0
66,gprd_threat_ema10,gpr,0.0032235774935023592,0.7849966671370026
66,gprd_threat_ema20,gpr,0.010112768646130072,2.4626334247403676
66,gprd_threat_ema5,gpr,0.00014903826117266102,0.03629338476653793
66,gprd_threat_lag1,gpr,1.0814819168964667e-05,0.002633594824519896
66,gprd_threat_lag2,gpr,0.0,0.0
66,gprd_threat_lag3,gpr,1.2518869750368009e-05,0.0030485605046472676
66,gprd_threat_lag4,gpr,1.9099926638383685e-05,0.004651161259164397
66,gprd_threat_lag5,gpr,6.691725242749921e-06,0.001629550405890186
66,gprd_threat_momentum,gpr,0.0027369409583895632,0.6664922853001637
66,gprd_threat_spike,gpr,0.0,0.0
66,gprd_threat_z60,gpr,3.277657223017221e-05,0.007981660131553336
66,gprd_z60,gpr,0.0001410214775075604,0.03434115980189935
66,is_month_end,takvim,0.0,0.0
66,is_month_start,takvim,0.0,0.0
66,is_quarter_end,takvim,0.0,0.0
66,month,takvim,0.020365892510328974,4.9594457636285725
66,ovx_ema10,ovx,0.0055313461011142605,1.3469780896870411
66,ovx_ema20,ovx,0.019401824949974462,4.72467870023437
66,ovx_ema5,ovx,0.003883635059797338,0.9457320583923765
66,ovx_lag1,ovx,0.0017254145807653134,0.4201681821083754
66,ovx_lag2,ovx,0.00040370270809424777,0.09830856587345596
66,ovx_lag3,ovx,0.000142651995702181,0.03473821907876283
66,ovx_lag4,ovx,0.0006019186839694157,0.14657757158184984
66,ovx_lag5,ovx,0.0009924835903802887,0.2416868563597702
66,ovx_mr60,ovx,0.03869344360594239,9.422520268844938
66,ovx_regime_high,ovx,0.002973426339719611,0.7240805506807535
66,ovx_regime_high_x_gprd,etkilesim,0.003007544811615454,0.7323889865040056
66,ovx_regime_low,ovx,0.0,0.0
66,ovx_regime_low_x_gprd,etkilesim,1.7579038415403503e-05,0.004280798769497609
66,ovx_spike,ovx,0.0,0.0
66,ovx_x_gprd,etkilesim,7.745293987682089e-05,0.01886112549979638
66,ovx_x_gprd_threat,etkilesim,1.632982925262435e-05,0.003976594812460668
66,ovx_z60,ovx,0.04974000535107085,12.112548403961213
66,threat_ratio,gpr,0.00229731881492106,0.55943671796294
66,vol20_vol126,brent_vol,0.008776167353581903,2.137147978196517
66,vol5_vol60,brent_vol,0.000772086590456768,0.18801638908057822
66,vol_ratio,brent_vol,0.0015693704231775232,0.38216874084179403
126,brent_ema10,brent_fiyat,0.01510184960040663,4.832153224977096
126,brent_ema20,brent_fiyat,0.04730372989018049,15.13581958438564
126,brent_ema5,brent_fiyat,0.009013784467242658,2.884149215832628
126,brent_lag1,brent_fiyat,0.003783281152469239,1.210540079899025
126,brent_lag2,brent_fiyat,0.0028031746707191424,0.8969344738358999
126,brent_lag3,brent_fiyat,0.0009055635190244564,0.2897540231600381
126,brent_lag4,brent_fiyat,0.00036098565656824836,0.11550492494043699
126,brent_lag5,brent_fiyat,0.0023909649919785026,0.7650393496492754
126,brent_ret_lag1,brent_fiyat,1.833431971525507e-05,0.005866449771652175
126,brent_ret_lag2,brent_fiyat,0.0,0.0
126,brent_ret_lag3,brent_fiyat,5.543211175661002e-06,0.0017736665685293388
126,brent_ret_lag4,brent_fiyat,0.0,0.0
126,brent_ret_lag5,brent_fiyat,0.0,0.0
126,brent_vol126,brent_vol,0.06671864685735532,21.34802908970811
126,brent_vol20,brent_vol,0.0021545775629679804,0.6894022384568502
126,brent_vol5,brent_vol,0.00024831018111269387,0.0794520455577867
126,brent_vol60,brent_vol,0.009050755077623762,2.8959787373090977
126,dow,takvim,0.0,0.0
126,gprd_ema10,gpr,0.0007396471690818933,0.23666561037185904
126,gprd_ema20,gpr,0.009792511151837451,3.1333191360680366
126,gprd_ema5,gpr,3.8366107868828946e-05,0.01227604013902967
126,gprd_lag1,gpr,3.839099788040455e-06,0.0012284004219780516
126,gprd_lag2,gpr,0.0,0.0
126,gprd_lag3,gpr,2.3239231917874088e-05,0.007435879208790578
126,gprd_lag4,gpr,2.701022770322327e-05,0.008642488328051007
126,gprd_lag5,gpr,8.106266614049673e-05,0.025937698625040997
126,gprd_momentum,gpr,4.788499791175127e-05,0.015321808467822388
126,gprd_spike,gpr,0.0,0.0
126,gprd_threat_ema10,gpr,0.0005879290401935577,0.18812021592060443
126,gprd_threat_ema20,gpr,0.016708590572566857,5.346263666794623
126,gprd_threat_ema5,gpr,4.135167858164225e-05,0.013231336048474398
126,gprd_threat_lag1,gpr,0.0,0.0
126,gprd_threat_lag2,gpr,4.818796566853832e-06,0.0015418749350016262
126,gprd_threat_lag3,gpr,0.0,0.0
126,gprd_threat_lag4,gpr,0.0,0.0
126,gprd_threat_lag5,gpr,1.041364482391925e-06,0.0003332063869733713
126,gprd_threat_momentum,gpr,0.0017422885367912905,0.5574817253954093
126,gprd_threat_spike,gpr,0.0,0.0
126,gprd_threat_z60,gpr,0.00015434615280745284,0.049386285771993055
126,gprd_z60,gpr,0.0,0.0
126,is_month_end,takvim,0.0,0.0
126,is_month_start,takvim,0.0,0.0
126,is_quarter_end,takvim,0.0,0.0
126,month,takvim,0.00575548259075731,1.8415872557410868
126,ovx_ema10,ovx,0.004271133241543014,1.3666385782886645
126,ovx_ema20,ovx,0.011093640068013753,3.5496425967547975
126,ovx_ema5,ovx,0.005516425079674393,1.765095795840492
126,ovx_lag1,ovx,0.0008344622370454349,0.26700367812907694
126,ovx_lag2,ovx,0.000637962410110049,0.20412944102849687
126,ovx_lag3,ovx,0.0005896817622539986,0.1886810360705164
126,ovx_lag4,ovx,0.0003006967038215537,0.09621421120974348
126,ovx_lag5,ovx,0.00043494070580761345,0.13916839260440547
126,ovx_mr60,ovx,0.026020967534610202,8.32595380806901
126,ovx_regime_high,ovx,0.005740322896079826,1.8367365937716083
126,ovx_regime_high_x_gprd,etkilesim,0.004719150685040014,1.5099911471277647
126,ovx_regime_low,ovx,0.0,0.0
126,ovx_regime_low_x_gprd,etkilesim,7.369684629208808e-05,0.023580850220582657
126,ovx_spike,ovx,0.0,0.0
126,ovx_x_gprd,etkilesim,5.6370011796908716e-05,0.01803676645601709
126,ovx_x_gprd_threat,etkilesim,0.0,0.0
126,ovx_z60,ovx,0.0376697877155883,12.053237915253865
126,threat_ratio,gpr,0.0008146517377878938,0.2606648937808898
126,vol20_vol126,brent_vol,0.017429021087342074,5.5767805059537965
126,vol5_vol60,brent_vol,0.00024615070183894465,0.07876107491425458
126,vol_ratio,brent_vol,0.0004703957654003586,0.15051298184917095
